id,name,publisher,studio,created
1,Virtual,Heidenreich-Hartmann,Okuneva and Sons,2004-05-25T05:08:14Z
2,productivity,"Frami, Labadie and Bartoletti",Carroll and Sons,2015-07-04T08:15:48Z
3,Function-based,Larson-Feil,"Aufderhar, Rolfson and Murray",2004-05-24T02:21:27Z
4,systemic,Corkery Group,"Skiles, Hoeger and Lowe",2009-09-15T07:56:04Z
5,throughput,"Wyman, Stark and Fahey","Murazik, Wisozk and Kuhn",2013-09-28T23:40:32Z
6,Organic,"Leffler, Collier and Lemke",Thompson Inc,2006-10-06T22:24:27Z
7,zero tolerance,Reynolds-Simonis,"Ondricka, Murray and Leannon",2006-02-15T04:04:49Z
8,De-engineered,Kemmer Group,Roob Inc,2009-01-28T07:56:38Z
9,executive,Quigley and Sons,Greenfelder-Bruen,2007-08-14T00:27:54Z
10,Cross-group,Macejkovic and Sons,Schuppe-Swaniawski,2020-02-08T09:33:09Z
11,Adaptive,Smitham-Pagac,"Purdy, Hermann and Bashirian",1999-11-03T13:30:43Z
12,exuding,"Terry, Carroll and Goyette","Huels, Bartell and Herzog",2012-11-06T16:04:02Z
13,service-desk,Graham and Sons,"Swaniawski, Wisoky and Kulas",2003-07-24T04:39:50Z
14,open system,"Wilderman, Renner and Kreiger",Effertz Group,2017-04-18T16:36:41Z
15,Grass-roots,Kerluke-Gusikowski,"Weber, Bogan and Watsica",2014-07-14T00:34:44Z
16,encoding,Armstrong and Sons,Schaden-Sauer,2013-02-10T05:20:03Z
17,Open-architected,"Bartell, Satterfield and Nicolas","Monahan, Dickens and Rempel",2018-05-10T21:36:38Z
18,Organized,Block-Bosco,Bashirian-Flatley,2016-12-30T02:11:50Z
19,discrete,Becker-Hermann,Kertzmann-Kertzmann,2003-01-16T19:46:32Z
20,Integrated,Rohan and Sons,Zulauf-Halvorson,2011-01-26T09:30:48Z
21,eco-centric,"Hintz, Wiza and Boyle",Kuhn-Sipes,2009-03-29T15:52:09Z
22,contextually-based,"Nienow, Bashirian and Schmidt","Rempel, Hoeger and Macejkovic",2011-03-17T08:52:34Z
23,system engine,Armstrong and Sons,Schuster-Kessler,2019-01-24T22:26:56Z
24,leverage,"Kuhic, Kling and Sanford",Osinski Inc,2005-05-29T14:00:23Z
25,client-driven,"Corwin, Carter and Donnelly","Maggio, Murray and Ernser",2017-11-11T15:51:48Z
26,Distributed,Macejkovic LLC,"Zulauf, Simonis and Borer",2016-09-27T06:45:53Z
27,Centralized,Haag-Kris,Johns Inc,2000-12-17T15:00:56Z
28,next generation,Langosh-Schinner,Cormier Group,2000-03-12T16:07:58Z
29,contingency,"Kuhic, Kling and Krajcik","Medhurst, McLaughlin and Bruen",2011-02-19T02:53:05Z
30,Sharable,"Boyle, Cummerata and Reinger","Robel, Welch and Cassin",2000-02-22T06:34:00Z
31,Down-sized,Gusikowski LLC,"Braun, McCullough and O'Connell",2004-05-20T23:40:18Z
32,Public-key,"Klein, Beer and Heaney",Schmidt-Runolfsdottir,2011-10-07T20:00:54Z
33,neural-net,"Romaguera, Schiller and Pfannerstill",Mueller-Murphy,1999-09-23T06:50:05Z
34,ability,Maggio-Weimann,Kihn-Turcotte,2018-03-21T17:48:24Z
35,array,"Hagenes, Aufderhar and Okuneva",Paucek-Torp,2013-06-19T07:35:30Z
36,Adaptive,Schulist and Sons,"Reinger, Walsh and Dietrich",2017-07-27T23:28:49Z
37,bandwidth-monitored,"O'Reilly, Cummerata and Hammes","Cummerata, O'Reilly and Kohler",2006-10-11T20:08:28Z
38,coherent,Johnston LLC,Jast-Mills,2005-04-04T21:13:43Z
39,utilisation,Abernathy LLC,Bednar LLC,2015-01-30T04:18:50Z
40,capability,MacGyver and Sons,"Gottlieb, Crooks and Keeling",2016-07-27T21:09:48Z
41,bandwidth-monitored,"Prohaska, Walsh and Thompson",Pagac Inc,2001-11-17T02:19:12Z
42,Cross-group,Bogisich LLC,Boehm Inc,2018-09-27T19:50:22Z
43,definition,Murphy-Walker,Kozey Inc,2001-08-19T04:01:34Z
44,web-enabled,Marquardt and Sons,Osinski and Sons,2017-03-23T20:08:23Z
45,static,Fahey-Dach,"Lubowitz, Ryan and Schumm",2009-07-09T16:29:04Z
46,data-warehouse,"Moore, Rath and Kuhic","Brown, Wehner and Powlowski",2009-02-25T05:52:02Z
47,Down-sized,Franecki-Gulgowski,Quigley-Cummerata,2005-06-15T22:10:34Z
48,challenge,"Cruickshank, Hintz and Towne",Conroy and Sons,2000-12-29T00:28:44Z
49,Implemented,"Adams, Robel and Quigley",Satterfield-Predovic,2000-06-05T05:12:26Z
50,encryption,Smitham LLC,"Erdman, Moore and Ryan",2011-06-11T14:49:39Z
51,Extended,"Dickinson, Tremblay and Zieme",Bartell Inc,2012-07-23T19:43:52Z
52,encryption,Von-Stehr,Baumbach-Rath,2020-05-18T06:44:30Z
53,project,Runolfsdottir LLC,"Friesen, Lang and Bednar",2010-04-21T03:53:15Z
54,infrastructure,"Schiller, Heaney and Klein",DuBuque-O'Hara,2011-01-11T18:22:27Z
55,website,"Abbott, Schuster and Klocko",Leffler-Treutel,2003-03-17T01:08:11Z
56,Operative,Nicolas-Bosco,Hansen-Purdy,2002-07-11T00:09:07Z
57,collaboration,Dickens-Gerhold,"Powlowski, Hoeger and Hickle",2011-11-12T21:20:37Z
58,bandwidth-monitored,"Mraz, Dickens and Crooks","Jaskolski, Kiehn and Luettgen",2003-09-29T08:17:39Z
59,User-centric,Konopelski Group,"Lesch, Schowalter and Koelpin",2008-03-01T21:29:44Z
60,Re-engineered,Goldner LLC,"Ullrich, Yundt and Lesch",2017-02-11T06:26:23Z
61,benchmark,"Green, Kassulke and Windler",Kub-Hauck,2004-04-08T21:25:32Z
62,Right-sized,Price-Zboncak,Koelpin LLC,2013-02-03T14:42:14Z
63,empowering,Zieme LLC,"Wunsch, Pfeffer and Zieme",2020-12-06T18:47:55Z
64,multimedia,Hermiston-Konopelski,Balistreri and Sons,2001-10-10T13:49:16Z
65,Centralized,"Gleichner, Considine and Hansen",Quigley-Lesch,2020-12-12T00:55:43Z
66,Sharable,Berge LLC,Dietrich-Kozey,2019-07-23T16:25:36Z
67,cohesive,Stark and Sons,"Grimes, Koelpin and Sporer",2001-09-21T07:09:07Z
68,attitude-oriented,Friesen-Satterfield,Hessel-Howell,2001-10-30T23:30:00Z
69,Compatible,"Bruen, Cruickshank and Hickle",Collier-Cummerata,2013-11-19T15:04:15Z
70,contingency,"Kohler, Kautzer and Rodriguez","Champlin, Lowe and Daniel",2011-09-18T09:16:13Z
71,Universal,Schuster-Donnelly,Rath LLC,2014-05-18T07:40:58Z
72,Diverse,Lynch and Sons,Morar LLC,2017-10-08T18:33:24Z
73,Open-architected,Fahey Group,"Ziemann, Smitham and Kuhic",2005-01-31T22:59:48Z
74,firmware,Von-Brekke,"Barrows, Botsford and Schultz",2007-10-21T21:56:06Z
75,Synchronised,Dach LLC,Schaden LLC,2001-05-15T03:16:32Z
76,Implemented,Schuster-Runolfsson,"Douglas, Christiansen and Dietrich",2001-11-05T01:28:39Z
77,reciprocal,Shields Inc,Dach and Sons,2020-10-27T17:44:25Z
78,model,Bruen-Gibson,Goldner-Runolfsson,2018-04-20T13:33:24Z
79,logistical,"Gaylord, Wunsch and Paucek","Kunde, Cartwright and Wisozk",2016-03-22T22:11:00Z
80,Ameliorated,"Windler, Rosenbaum and Simonis",Considine-Dach,2012-05-02T13:58:52Z
81,reciprocal,Gottlieb-Ratke,Ritchie LLC,2001-05-16T11:51:46Z
82,5th generation,"Donnelly, Schulist and Jacobi","Koelpin, Huels and Dickens",2002-06-28T12:10:33Z
83,orchestration,Brakus-Feest,Satterfield Group,2003-03-23T02:51:59Z
84,Universal,Rempel-Zulauf,Cole Group,2018-06-22T13:29:26Z
85,modular,"Kilback, Feil and Schiller","Shields, Kihn and Wilkinson",2015-01-23T14:57:24Z
86,web-enabled,Bechtelar and Sons,"Welch, Sporer and Hoppe",2013-06-09T12:15:14Z
87,Customer-focused,Cruickshank Inc,Pollich-Pagac,2018-11-12T16:29:12Z
88,disintermediate,"Abbott, Donnelly and Rutherford","Boyer, Thiel and Nitzsche",2017-05-08T21:14:54Z
89,upward-trending,"Bosco, Jones and Weimann",Conn Inc,2003-10-03T00:19:20Z
90,Face to face,Romaguera Group,Bechtelar Group,2011-01-21T21:13:14Z
91,encoding,"Kiehn, Bogisich and Roob","Streich, Fay and Sawayn",2009-10-19T09:07:25Z
92,Self-enabling,"Hansen, Sanford and Hirthe",Shields LLC,2001-06-15T13:04:30Z
93,concept,Swaniawski-Brown,"McClure, Hilll and Zboncak",2015-06-08T00:54:21Z
94,infrastructure,VonRueden-Bradtke,Leuschke-Rath,2018-10-29T16:33:38Z
95,even-keeled,"Grimes, Bogan and Jones",Rohan LLC,2014-12-10T05:29:00Z
96,reciprocal,Price LLC,Gusikowski Group,2011-12-16T02:29:44Z
97,data-warehouse,"Schiller, Nikolaus and Sipes",Cummings-Stamm,2012-09-05T18:17:24Z
98,Centralized,Bruen-Prosacco,Hackett LLC,2012-05-27T23:24:38Z
99,executive,Gutmann-Lakin,"Witting, Pouros and Bruen",2020-01-31T07:25:41Z
100,stable,Bahringer-Jaskolski,"Barrows, Williamson and Boyle",2012-08-25T11:03:45Z
101,multi-tasking,"Farrell, Hilll and Williamson",Pollich Group,2000-07-24T03:23:41Z
102,Automated,Grimes-Luettgen,"Nicolas, Labadie and Simonis",2012-08-20T03:22:42Z
103,static,"Mohr, Flatley and Rosenbaum",McKenzie-Dickens,2012-02-26T21:16:38Z
104,Implemented,Quigley-Runolfsson,Kihn-Mraz,2014-10-27T08:03:53Z
105,empowering,Padberg-Leannon,Schimmel-Fay,2000-06-30T00:05:32Z
106,hybrid,"Kreiger, Grady and Bayer",Durgan-Kshlerin,2015-01-24T12:40:10Z
107,Synergistic,"Lesch, Mante and Fisher",Stehr and Sons,2002-04-21T01:20:49Z
108,archive,"Fisher, Reichel and Walsh",Gleichner LLC,2014-08-09T23:32:13Z
109,complexity,"Blanda, Lowe and Grimes",Rodriguez-Jerde,2001-12-19T10:28:52Z
110,Up-sized,"Pollich, Quigley and Gerlach",D'Amore-Leannon,2000-03-03T20:39:13Z
111,standardization,"Bednar, Luettgen and Luettgen",Raynor-Heller,2007-02-25T08:39:31Z
112,Diverse,Pollich and Sons,Ruecker LLC,2002-06-16T02:51:43Z
113,modular,Collier Inc,"Grady, Wisoky and Murray",2009-02-20T11:37:59Z
114,Public-key,Upton-Reynolds,"Herman, Borer and Sporer",2013-06-21T00:23:59Z
115,Integrated,"Hintz, Walker and Johnson",Wunsch-Collier,2020-11-10T22:37:49Z
116,client-driven,VonRueden Group,Daugherty-Abernathy,2017-02-15T15:36:46Z
117,Face to face,Price LLC,Ferry-McCullough,2020-12-18T19:45:44Z
118,zero administration,"Heidenreich, Halvorson and Homenick","Boyer, Towne and Johnson",2002-01-20T01:56:28Z
119,didactic,Ryan and Sons,Gaylord-Hane,2003-06-24T07:40:21Z
120,system-worthy,Lowe-Kessler,"Renner, Wyman and Cartwright",2009-04-12T15:28:57Z
121,client-server,Balistreri-Von,Mertz Group,2000-11-20T14:46:58Z
122,Customizable,Hilll-Treutel,Schroeder-Marvin,2008-04-20T11:57:22Z
123,multimedia,Yundt and Sons,"Predovic, Jenkins and Hane",2020-06-16T00:05:25Z
124,application,Bradtke-Hills,"Lebsack, Leffler and Wilderman",2013-08-23T22:35:36Z
125,matrix,"Schowalter, Hackett and Moen","Littel, Larkin and Hessel",2011-01-17T03:52:43Z
126,analyzing,Mertz LLC,Little and Sons,2017-11-19T17:59:16Z
127,Front-line,Gerhold-Stehr,"Moore, Kuhn and Bailey",2000-04-26T23:43:41Z
128,throughput,Dickinson-Kertzmann,Murphy-Dach,2010-07-29T10:13:33Z
129,mobile,Lubowitz-Dooley,"Ferry, Balistreri and Johns",2000-05-29T13:40:52Z
130,task-force,Macejkovic-Waelchi,O'Kon LLC,2000-07-15T00:51:19Z
131,holistic,Koelpin LLC,"Satterfield, Feil and Kassulke",2002-01-21T21:15:18Z
132,value-added,Bauch-Hayes,"O'Connell, Mante and Emmerich",2020-01-20T04:15:25Z
133,Intuitive,"Streich, Abernathy and Cassin",Cremin and Sons,2007-03-19T17:15:39Z
134,fault-tolerant,"Stehr, Mante and Bruen",Ankunding Group,2014-05-30T03:02:13Z
135,task-force,"Schneider, Langworth and Huel",Collier Group,2020-02-07T19:15:56Z
136,archive,Mills Group,"Waelchi, Toy and Kub",2002-08-02T09:48:30Z
137,Virtual,Barton-Breitenberg,"West, D'Amore and Towne",2020-04-15T10:13:49Z
138,Reduced,Hilpert and Sons,"Ondricka, Von and Aufderhar",2016-11-13T11:58:18Z
139,Up-sized,Marquardt-Howe,Murray Inc,2006-06-25T05:53:37Z
140,Networked,Legros-Jacobi,Mohr-Carroll,2020-01-08T20:50:09Z
141,composite,Bechtelar-Macejkovic,McDermott-Yundt,2017-02-17T04:30:46Z
142,heuristic,"Bailey, Bayer and Spencer","Grimes, Gerhold and Tromp",2008-11-28T22:09:32Z
143,Polarised,McCullough Group,"Walker, Prosacco and Will",2020-10-20T04:21:46Z
144,focus group,"Graham, Upton and Anderson",Wiegand-Brown,2005-02-25T03:52:43Z
145,Graphical User Interface,"Simonis, Stark and Grimes",Hagenes-Anderson,2020-11-07T18:41:35Z
146,superstructure,"Crooks, Hudson and Emmerich","Nolan, Leuschke and Hermann",2018-08-02T05:47:13Z
147,Centralized,Quitzon-Carter,"Ernser, Quitzon and Stehr",2001-01-19T07:27:40Z
148,5th generation,"Hodkiewicz, Schroeder and Stokes",Schinner-Hartmann,2017-09-04T11:49:36Z
149,Open-source,Wunsch-Franecki,"Kassulke, Schimmel and Dibbert",2015-03-13T00:30:20Z
150,model,Weimann-Klocko,"Doyle, McCullough and Hauck",2016-01-14T22:04:56Z
151,complexity,Cormier Inc,Fisher-Lueilwitz,2001-08-17T07:54:03Z
152,system-worthy,Towne Group,Dooley Inc,2008-11-13T12:51:21Z
153,Inverse,"Dach, Wuckert and Nader",Schinner Group,2006-05-23T00:03:09Z
154,Streamlined,"Nienow, Roob and Rowe","Pfeffer, Shanahan and Morissette",2017-10-14T08:52:08Z
155,hierarchy,Robel and Sons,Konopelski-Hauck,2006-02-23T12:28:38Z
156,Upgradable,Pfannerstill-Homenick,Bernhard Group,2019-01-09T19:41:48Z
157,De-engineered,"Armstrong, Parker and Wilderman","Zieme, Leuschke and Paucek",2000-07-15T06:26:12Z
158,Horizontal,Ortiz-Bechtelar,Conn-Gorczany,2001-03-09T01:36:52Z
159,Open-architected,Schowalter Inc,"Goodwin, Marks and Doyle",2013-09-27T23:12:00Z
160,stable,Bernhard Group,Beer and Sons,2012-08-17T02:20:04Z
161,Multi-channelled,"Kuhic, Schumm and Kuvalis","Kilback, Walker and Padberg",2003-11-21T05:17:44Z
162,Advanced,Yost and Sons,Maggio-Marks,2006-04-14T12:26:50Z
163,instruction set,"McKenzie, Grimes and Cruickshank",O'Conner and Sons,2018-06-03T11:02:04Z
164,Optional,Monahan-Orn,Fay and Sons,2007-11-27T14:45:07Z
165,maximized,Bauch-Brakus,Haley and Sons,2009-05-29T23:52:47Z
166,Decentralized,Zieme Group,Hahn-Reinger,2004-05-01T13:47:25Z
167,bandwidth-monitored,Gusikowski Group,Metz-McLaughlin,2017-08-23T23:10:40Z
168,Vision-oriented,Shanahan Inc,Jacobs Group,2015-09-21T10:25:55Z
169,Fundamental,Schroeder-Stiedemann,Kuvalis LLC,2003-12-11T11:59:30Z
170,zero administration,Bednar LLC,"Toy, Sawayn and Littel",2016-06-19T15:02:08Z
171,task-force,Hagenes LLC,"Armstrong, Cruickshank and Kub",2002-06-18T21:06:06Z
172,function,Goodwin-Jacobson,"West, Kautzer and Watsica",2003-11-07T04:21:52Z
173,groupware,Kuhn-Parker,Sawayn and Sons,2003-10-15T05:40:22Z
174,static,Donnelly LLC,"Hansen, Stamm and Hudson",2019-12-26T14:34:36Z
175,Advanced,Corkery-Tillman,Welch Inc,2013-02-11T11:44:23Z
176,5th generation,"Reichert, Homenick and Larson","Kessler, MacGyver and Schneider",2001-02-14T17:23:01Z
177,Distributed,Sawayn Group,Block LLC,2019-12-17T02:35:12Z
178,encompassing,Zboncak Inc,Tillman LLC,2016-05-26T11:17:44Z
179,Multi-layered,"Dibbert, Kilback and Klein",Schulist and Sons,2011-09-12T08:28:25Z
180,full-range,"Franecki, Bruen and Goldner","Moen, McClure and Lakin",2000-05-23T14:00:29Z
181,alliance,Schulist-Lesch,Hamill-Lind,2020-01-11T18:22:36Z
182,Organic,Toy-Bernier,Klocko-Littel,2003-06-12T03:26:21Z
183,toolset,Roberts Inc,Cole-Nikolaus,2021-02-16T03:57:01Z
184,info-mediaries,"Monahan, Stokes and Herman","Bosco, Lebsack and Ferry",2019-05-06T00:30:17Z
185,Public-key,Klocko LLC,Grady-Stroman,2001-11-21T08:52:06Z
186,scalable,Rohan-Lynch,Kutch-Labadie,2019-03-29T12:43:31Z
187,Cloned,Jacobson-Ernser,"Herzog, Mayert and Donnelly",2017-04-20T09:48:50Z
188,systemic,"Kuhic, Baumbach and Heller",Aufderhar Group,2016-04-09T17:39:55Z
189,core,"Grimes, Mante and Kohler","Gulgowski, Kling and Schultz",2010-11-13T06:01:08Z
190,global,Howell-Runolfsson,Mueller and Sons,2011-12-13T19:17:44Z
191,Programmable,"Rosenbaum, Gusikowski and Hills",Reinger Group,2020-05-31T04:43:24Z
192,Operative,West LLC,"Strosin, Schmidt and Von",2010-10-08T20:05:44Z
193,zero tolerance,Quigley Inc,"Block, Purdy and Ebert",2019-07-06T19:09:08Z
194,Automated,Toy-Waters,Jacobs Group,2009-09-02T03:12:35Z
195,Team-oriented,Stoltenberg-Stokes,Kulas-Sporer,2007-08-17T17:02:47Z
196,service-desk,Block-Leffler,Davis-Sporer,2010-09-17T14:33:15Z
197,portal,Wuckert-Konopelski,Powlowski and Sons,2014-12-07T09:53:26Z
198,algorithm,"Windler, Jones and Kozey",Larson-Mante,2007-07-18T13:44:30Z
199,logistical,Bartoletti-Bednar,Bernhard-Sanford,2007-11-21T02:53:33Z
200,architecture,Fadel-Casper,Bergnaum-Orn,2017-05-13T12:45:45Z
201,maximized,"Walker, Renner and Carroll",Gibson-Kunze,2002-04-18T13:42:14Z
202,foreground,Schaden Group,Ondricka-Carter,2016-08-30T23:55:51Z
203,secured line,"Moen, Mertz and Kemmer",Goyette LLC,1999-06-30T12:27:38Z
204,circuit,Steuber LLC,Waters-Wilkinson,2013-10-13T09:04:23Z
205,uniform,"Lynch, Schmitt and Ward","Feest, Hamill and Frami",2015-02-19T02:17:52Z
206,service-desk,Tillman LLC,Kshlerin and Sons,1999-05-31T01:55:46Z
207,Advanced,Morissette Group,"Gottlieb, Heidenreich and Schroeder",2015-03-31T11:17:47Z
208,heuristic,"King, Hickle and Romaguera",Stiedemann-Emmerich,2003-12-14T09:09:54Z
209,knowledge user,"Spinka, Shanahan and Dooley","Predovic, Barrows and Labadie",2010-07-21T12:39:46Z
210,Digitized,Becker-Erdman,Johnson and Sons,2012-07-11T18:36:54Z
211,interactive,Baumbach-Von,Cormier and Sons,1999-06-06T22:43:27Z
212,encoding,"Kerluke, Ebert and O'Reilly",Watsica Group,2006-07-11T19:45:44Z
213,Organized,"Ullrich, Zemlak and Bernhard","Ondricka, Bergnaum and Haley",2007-11-03T13:41:56Z
214,extranet,Feil-Kuhic,Dooley Inc,2006-10-02T04:45:39Z
215,disintermediate,"Thompson, Nolan and Grant","Funk, Cruickshank and Cummings",2009-06-24T01:06:10Z
216,reciprocal,Berge and Sons,Lindgren-Pfeffer,2007-02-28T02:07:52Z
217,ability,Gutmann-Hyatt,Willms Group,2013-10-05T15:25:05Z
218,Robust,"Little, Cruickshank and Feil",Gutmann and Sons,2006-08-08T16:02:34Z
219,Cross-platform,Douglas and Sons,Halvorson Group,2007-08-27T01:56:55Z
220,Polarised,Yundt-Abernathy,Hartmann LLC,2017-06-14T10:54:17Z
221,definition,"Watsica, Ortiz and Russel","Muller, Casper and Beier",2003-02-04T12:27:50Z
222,parallelism,"Gorczany, Maggio and Nader",Hyatt-O'Reilly,2004-11-05T02:01:15Z
223,Ameliorated,Ritchie-Hermann,Prosacco-Von,2020-12-25T09:13:40Z
224,frame,Brown-Fadel,Walsh-Walker,2000-12-08T22:39:44Z
225,Face to face,"Feest, Yost and Bins","Stark, Koch and Wiegand",2013-09-24T19:34:37Z
226,software,"Monahan, Schamberger and Okuneva","Schimmel, Feeney and Erdman",2005-02-12T14:22:44Z
227,Centralized,Hoppe LLC,Schaden-Ortiz,2011-10-14T17:54:38Z
228,Vision-oriented,Howell LLC,Terry Group,2004-06-16T06:19:06Z
229,optimizing,Veum-Leuschke,"Johns, Brakus and Ritchie",2012-12-06T01:49:05Z
230,24/7,"Gaylord, Stehr and Franecki",Runolfsdottir and Sons,2014-06-04T09:42:25Z
231,Function-based,"Lesch, Mertz and Schumm","O'Keefe, Hintz and Kshlerin",1999-06-01T18:24:18Z
232,Reduced,"Jenkins, Mayer and Champlin","Stanton, Ankunding and West",1999-11-28T21:15:00Z
233,maximized,O'Connell Inc,"Nicolas, Bergstrom and Hudson",2013-09-06T08:18:14Z
234,needs-based,Schuppe Group,Runolfsson and Sons,2005-08-20T22:43:17Z
235,Managed,"Macejkovic, Sauer and Kuhic",Ernser Group,2010-02-23T00:08:56Z
236,Grass-roots,Botsford-Blick,Aufderhar Inc,2017-12-04T01:37:47Z
237,upward-trending,Littel Group,Considine Group,2002-01-15T23:12:35Z
238,Advanced,Nader LLC,"Hudson, Cassin and Gibson",2012-05-28T09:49:49Z
239,Adaptive,Kling-Auer,Hirthe-Beer,2016-08-11T05:56:10Z
240,Universal,Cronin and Sons,Frami and Sons,2012-11-21T10:36:42Z
241,national,"White, Lynch and Ruecker","Kiehn, Bode and Kuhlman",2016-07-13T01:32:01Z
242,synergy,Brekke-Anderson,Schulist-Bechtelar,2000-09-26T20:11:50Z
243,secured line,"Wintheiser, Miller and Balistreri",Casper Inc,2020-02-28T05:01:57Z
244,Graphical User Interface,Gottlieb-Zieme,Brekke Inc,2003-01-29T09:56:44Z
245,Multi-layered,"Prohaska, Breitenberg and Berge",Graham and Sons,2012-01-14T17:04:59Z
246,dedicated,Erdman Group,Bergnaum LLC,2018-11-24T12:56:49Z
247,solution,White-Deckow,Lueilwitz Group,2003-02-09T00:54:37Z
248,service-desk,VonRueden-Schmitt,Ziemann Inc,2020-01-26T01:02:36Z
249,solution,"Pacocha, Goodwin and Feest",Krajcik-Turcotte,2020-07-13T10:02:45Z
250,adapter,"Schamberger, Stracke and Haley","McCullough, Schmidt and Tillman",2004-01-29T07:15:15Z
251,definition,Grady Group,Kunde Inc,2016-11-10T10:06:07Z
252,Enhanced,Halvorson and Sons,"Corkery, Carroll and Marquardt",2007-05-07T10:24:09Z
253,circuit,Wolf Inc,Gutmann-Blanda,2008-03-04T07:41:09Z
254,Progressive,"Borer, Murazik and Corwin",Gorczany-Marquardt,2014-12-09T07:32:28Z
255,approach,Hickle-Hyatt,Feeney Group,2017-02-01T00:39:49Z
256,global,Pfeffer-Collier,"O'Reilly, Cartwright and Bruen",2003-06-30T17:19:34Z
257,fault-tolerant,Green Group,Gleason-Ruecker,2000-03-18T12:38:43Z
258,toolset,Gottlieb Group,Turner-Yundt,2007-03-02T13:46:49Z
259,multi-state,"MacGyver, Rogahn and Windler","Veum, Rohan and Lockman",2001-12-01T02:47:04Z
260,dedicated,Abshire Inc,Rippin-Howell,2019-12-24T14:34:18Z
261,Cloned,Gibson Group,"Purdy, Mueller and McKenzie",2015-08-21T09:01:33Z
262,hub,Schuppe-Beahan,Rippin-Bailey,2018-06-21T13:08:32Z
263,Integrated,"Mayert, Nitzsche and Becker","Barrows, Satterfield and Mertz",2007-08-03T12:49:14Z
264,Re-contextualized,Nikolaus-Kling,Gibson-Conn,2008-02-05T22:17:10Z
265,Synchronised,Hand Inc,"Murazik, Bednar and Simonis",2006-11-08T04:50:02Z
266,Expanded,"Jacobs, Moore and Runolfsson",Shields-Keeling,2019-03-02T02:48:18Z
267,zero defect,"Zieme, Goldner and Cruickshank","Prohaska, Ward and Eichmann",2009-08-03T21:26:09Z
268,Diverse,Treutel-Kemmer,Dickens-Hintz,2012-03-05T20:37:23Z
269,secondary,"Howe, Price and Deckow",Morar LLC,2003-02-24T22:39:49Z
270,pricing structure,Runte Inc,Ankunding and Sons,2010-03-29T08:54:22Z
271,open system,Stoltenberg LLC,Franecki and Sons,2004-09-21T15:37:36Z
272,pricing structure,Howell and Sons,Waters Group,2004-08-23T23:39:06Z
273,extranet,"Wunsch, Gerhold and Greenfelder",Friesen and Sons,2014-01-07T11:09:38Z
274,client-driven,Klein-Halvorson,Champlin-Streich,2001-12-22T23:36:28Z
275,framework,Nitzsche-Ullrich,"Bayer, Kirlin and Koelpin",2009-02-07T15:55:59Z
276,Expanded,"Hayes, Krajcik and Bechtelar",Ferry and Sons,2016-04-27T21:00:19Z
277,analyzing,"Tromp, Nicolas and Batz",Funk-O'Keefe,2012-02-15T11:44:16Z
278,adapter,Bosco-Roob,"Jerde, Hirthe and Ondricka",2015-08-06T00:16:55Z
279,Reduced,Cassin and Sons,"Cremin, Schoen and Sawayn",2012-04-05T04:50:52Z
280,Advanced,"Auer, Hirthe and Shields","Wolff, Murazik and Effertz",2005-07-18T11:35:50Z
281,content-based,Larkin and Sons,Toy LLC,2019-08-21T04:40:21Z
282,encompassing,Brekke Inc,"Weissnat, Ruecker and Sipes",2012-02-14T13:49:09Z
283,Object-based,Dach LLC,Senger-Rodriguez,2018-07-19T21:58:14Z
284,Synergized,"Graham, Sporer and Lueilwitz","Reichel, Predovic and Yost",1999-11-16T02:22:01Z
285,model,"Murray, Terry and Abshire",Gaylord LLC,2018-02-01T18:45:09Z
286,neutral,"Mayer, Cummings and Will","Leffler, Reilly and Labadie",2005-02-04T01:01:37Z
287,utilisation,Adams Inc,"Hoppe, Kunde and Rau",2005-06-02T16:06:12Z
288,structure,"Vandervort, Treutel and Douglas","Swaniawski, Lubowitz and Kovacek",2004-09-24T22:58:16Z
289,service-desk,Price and Sons,"Moore, Harber and Cormier",2016-05-15T03:21:16Z
290,local,Nader-Mueller,Satterfield-Wolff,2011-10-28T13:48:28Z
291,Persistent,Ratke-Rice,"Auer, Abbott and Gusikowski",2013-08-17T21:08:15Z
292,Enhanced,"Bruen, Schmeler and Bosco","Ratke, Willms and Keebler",2019-12-23T02:01:33Z
293,info-mediaries,"Pfannerstill, Bailey and O'Reilly",Hessel Inc,2015-09-20T11:44:30Z
294,clear-thinking,Crooks Inc,Bosco-Watsica,2000-02-25T18:20:38Z
295,process improvement,Wuckert-Schmeler,Murray Group,2003-03-12T12:58:47Z
296,knowledge user,Gusikowski-Schroeder,Schinner Inc,2003-06-13T05:53:16Z
297,framework,Carroll and Sons,Zboncak Group,2016-07-27T12:35:47Z
298,Triple-buffered,Paucek Inc,Gutkowski Group,2004-12-22T00:44:40Z
299,definition,Schulist Inc,Bailey-Simonis,2003-07-31T07:06:25Z
300,framework,Tremblay-Hand,Swaniawski-Schmeler,2013-07-07T12:01:42Z
301,solution,Witting-Cassin,"Kilback, Labadie and Luettgen",2013-04-22T11:25:10Z
302,Pre-emptive,Parker Inc,Volkman Inc,2012-12-19T09:42:54Z
303,bi-directional,Jakubowski-Schinner,Kessler-Wuckert,2017-03-11T15:07:00Z
304,Multi-tiered,"Torp, Farrell and Feest",Schmeler-Bernier,2001-08-01T12:01:38Z
305,Visionary,"Turner, Klocko and Kub","Pagac, Smith and Gislason",2017-10-13T20:22:32Z
306,Operative,Spinka-MacGyver,"Koss, Satterfield and Schneider",2003-12-10T07:07:25Z
307,open architecture,Schaden-Olson,Labadie Group,2010-10-10T21:42:31Z
308,foreground,"Schamberger, Cruickshank and Bernier","Keebler, Lehner and Davis",2018-05-10T11:45:29Z
309,Assimilated,Terry-Weimann,"Robel, Kreiger and Skiles",2009-05-15T14:35:01Z
310,interface,Auer Group,Fritsch-Beahan,2006-01-11T13:11:01Z
311,Upgradable,Lockman Group,Keebler LLC,2019-12-18T03:26:10Z
312,Mandatory,"Stark, Rolfson and Swaniawski",Bins Inc,2010-09-26T06:00:17Z
313,eco-centric,Abbott Group,"Fritsch, Stamm and Pfeffer",2006-10-20T08:30:52Z
314,leverage,"Yundt, Hoppe and Trantow",Franecki LLC,2004-04-06T13:02:53Z
315,Synergistic,Bednar-Hudson,Purdy-Moen,2007-12-22T10:24:36Z
316,matrix,"Feeney, Kulas and Kris",Langworth LLC,2012-09-06T20:28:40Z
317,Mandatory,Harber-Treutel,Bechtelar Group,2007-07-31T00:55:36Z
318,Robust,"Miller, Robel and Kuhn",Feeney Group,2015-08-21T21:58:22Z
319,frame,Bergnaum-Bogisich,"Becker, Gleason and Stoltenberg",2003-06-11T04:43:33Z
320,Diverse,"Rippin, Conroy and Koepp",Kozey-Runolfsson,2008-07-25T10:05:42Z
321,Compatible,VonRueden Inc,"Von, Williamson and Von",2002-09-02T14:02:27Z
322,Customizable,"Schmeler, Kirlin and Powlowski",Durgan-Carter,2016-01-01T20:35:04Z
323,help-desk,Welch LLC,Wilderman-Smitham,2004-10-11T09:01:09Z
324,Realigned,Haley and Sons,"Keebler, Lesch and Yundt",2011-05-29T02:20:22Z
325,Synchronised,"Wolff, Lehner and Turcotte",Barrows-Strosin,2013-06-18T19:17:31Z
326,architecture,"Bednar, Lueilwitz and Wolf",Halvorson Group,2010-10-18T09:35:35Z
327,archive,"Spinka, Kub and Schiller",Barton-Runolfsdottir,2011-05-30T06:57:29Z
328,24/7,"Jenkins, Bashirian and Langosh","Bayer, Harber and Corwin",2001-03-28T13:27:08Z
329,Up-sized,Considine and Sons,Flatley-O'Keefe,2020-06-27T03:39:57Z
330,contingency,Prohaska-Beahan,Jacobson-Ortiz,2012-07-08T20:19:30Z
331,pricing structure,Stanton-Dooley,Weissnat Inc,2005-10-07T13:03:40Z
332,Multi-layered,Mante and Sons,"Leannon, Kautzer and Pacocha",2008-07-18T11:42:09Z
333,product,Gislason and Sons,Mills-Jerde,2014-02-21T19:30:42Z
334,Switchable,Brown Group,Lowe-Bahringer,2009-05-16T17:22:51Z
335,Multi-layered,"Vandervort, Tillman and Rice",Yost and Sons,2015-12-27T05:27:35Z
336,Optional,"Botsford, Morar and Schmitt",Funk Group,2001-08-03T23:17:52Z
337,Integrated,"Ankunding, Koepp and Koss",Treutel-Gerhold,2006-10-05T07:53:54Z
338,groupware,"Reichel, Schneider and Lubowitz",Schulist Group,2013-12-05T08:41:38Z
339,Progressive,"Ryan, Zieme and McGlynn","Wyman, Mraz and Runte",2005-04-23T16:16:15Z
340,actuating,Windler-Windler,Lebsack Inc,2013-10-22T23:40:35Z
341,info-mediaries,"Stroman, Hills and Murazik",Fritsch-Mertz,2012-04-23T11:57:45Z
342,encompassing,Funk-Bode,Shanahan-Stracke,2015-02-26T23:27:33Z
343,help-desk,Daugherty-Weber,Mayert-Morar,2015-10-10T13:38:04Z
344,Networked,Toy and Sons,Blick-Aufderhar,2019-04-17T06:27:11Z
345,Organic,"Jakubowski, Schuppe and Cormier","Witting, Koss and Gutkowski",2005-11-27T03:01:45Z
346,Customizable,Medhurst Inc,"Spencer, Rowe and Ebert",2001-11-25T21:41:16Z
347,encompassing,"Ritchie, Swift and O'Hara",Wiegand-Hilpert,2014-11-05T02:07:16Z
348,Reduced,Blanda Inc,Terry Inc,2011-09-17T02:24:36Z
349,Cross-group,Hoppe-O'Conner,Wiza-O'Conner,2002-12-01T18:47:54Z
350,Polarised,"Baumbach, Denesik and Pagac",Swift Inc,2004-11-24T07:07:52Z
351,uniform,Rutherford-Metz,Stanton-Schiller,2001-10-11T16:38:10Z
352,time-frame,Purdy-Muller,Rutherford LLC,2018-11-01T07:27:49Z
353,product,"Mills, Christiansen and Casper",Boehm Inc,2009-01-30T13:50:38Z
354,Business-focused,Nienow-Champlin,"Wisoky, Hessel and Bernier",2002-03-18T18:30:13Z
355,support,Cole Inc,"Waters, Blick and Ullrich",2003-08-03T07:37:35Z
356,website,Buckridge-Veum,"Jacobi, Hodkiewicz and Breitenberg",2005-07-19T04:35:47Z
357,composite,Armstrong and Sons,"Reinger, Gutkowski and Torp",2008-05-21T01:43:14Z
358,Multi-layered,"Marvin, Flatley and O'Conner",Wisozk-McDermott,2013-07-11T14:27:42Z
359,artificial intelligence,Stark Group,"Johns, Orn and Haley",2020-09-20T12:18:11Z
360,Customer-focused,Bechtelar Group,Spinka-Rau,2009-12-09T14:48:10Z
361,full-range,"Kuhic, Pagac and Schowalter",Lynch-Labadie,2018-06-19T01:27:08Z
362,systematic,"Christiansen, Bahringer and Simonis",Quigley Inc,2007-06-28T11:52:13Z
363,Team-oriented,Hilll-Lynch,"Wisozk, Dibbert and Langworth",2006-01-14T03:53:12Z
364,zero tolerance,"Reichel, Fritsch and Lind","Walsh, Brakus and Nienow",2000-08-06T22:32:41Z
365,leverage,"Ondricka, McClure and Grimes","Bosco, Hagenes and Schinner",2003-08-13T05:00:49Z
366,grid-enabled,"Mayer, Nolan and Greenfelder",Lang Group,2015-01-12T16:09:50Z
367,Cross-group,Kilback-Effertz,"Reinger, Huels and Hartmann",1999-07-23T11:45:23Z
368,model,"Beer, Emmerich and Jerde","Weber, Padberg and Leuschke",2009-09-30T09:50:18Z
369,analyzer,"Gulgowski, Treutel and Lehner","Renner, Terry and Feest",2004-08-01T09:33:41Z
370,structure,"Schinner, Walsh and Rempel",Moen Inc,2016-12-15T13:33:56Z
371,Graphic Interface,"Donnelly, Rath and Johnson",Reichert and Sons,2001-04-12T21:53:08Z
372,projection,"Bashirian, Kshlerin and Wunsch",Nikolaus and Sons,2009-05-18T17:34:51Z
373,analyzing,Senger-Kiehn,Konopelski and Sons,2001-11-14T23:26:59Z
374,methodology,Schiller-Wuckert,"Pfannerstill, Hagenes and Bernhard",2017-01-16T15:17:19Z
375,homogeneous,"Schowalter, Pfeffer and Muller",Waelchi LLC,2017-09-05T13:28:18Z
376,Vision-oriented,Wyman and Sons,Gutkowski-Stamm,2009-06-22T22:48:42Z
377,solution-oriented,Hoppe LLC,Kovacek Group,2002-04-04T08:35:26Z
378,Function-based,"Altenwerth, Schowalter and Wisoky","Hamill, Bartoletti and Mitchell",2008-09-21T18:51:50Z
379,info-mediaries,"Bernier, Durgan and Orn",Orn-Tillman,2011-12-29T22:42:36Z
380,conglomeration,Reynolds-McGlynn,"Cartwright, Kovacek and Hayes",2014-08-05T17:53:50Z
381,project,"Mayer, Schowalter and Hegmann","Rice, Wisoky and Wiegand",2016-03-19T05:26:03Z
382,coherent,"Quitzon, Klocko and Padberg",Reinger-Padberg,2001-04-16T09:42:47Z
383,intermediate,"Thiel, Romaguera and Keebler",Terry and Sons,2017-12-29T15:22:46Z
384,eco-centric,Langosh-Roob,Crooks-Hermann,2020-03-09T19:35:04Z
385,Adaptive,Gerhold and Sons,Renner-Satterfield,2006-10-26T18:23:47Z
386,Re-engineered,Prohaska Group,Weissnat-Kerluke,2008-06-23T11:34:21Z
387,array,"Goodwin, Blanda and Berge",Macejkovic-Howell,2008-08-18T15:34:20Z
388,background,Senger Group,Kerluke-Gibson,2015-11-27T13:52:40Z
389,Inverse,Rice Group,"Kuhic, Mertz and Hermiston",2015-06-06T04:18:10Z
390,national,Runolfsdottir and Sons,Jenkins-Marvin,2007-10-29T05:17:14Z
391,policy,"McGlynn, Tillman and Nader",Larson and Sons,2012-04-26T08:47:13Z
392,Quality-focused,Schuster Inc,Shanahan-Zieme,2002-09-02T04:38:07Z
393,Seamless,Bernhard Inc,"Rohan, Abshire and Nitzsche",2014-04-10T13:41:32Z
394,Robust,"Herman, Steuber and Abbott",Konopelski Inc,2012-04-06T01:36:28Z
395,value-added,Pacocha-Orn,O'Kon Group,2009-10-06T06:23:25Z
396,Reactive,Koelpin LLC,Aufderhar and Sons,2012-07-20T13:57:40Z
397,user-facing,Baumbach-Kulas,"Daugherty, Bernhard and Schmidt",2009-05-21T06:57:55Z
398,Reverse-engineered,Labadie Group,"Fay, Ebert and Olson",2016-02-26T05:13:04Z
399,Face to face,Kassulke-Cassin,"Hayes, Senger and Pollich",2002-03-25T20:56:26Z
400,help-desk,Grimes Group,Herman-Cummerata,2016-06-04T15:33:06Z
401,leverage,Steuber-Schaden,Sanford-Schuppe,2007-06-30T08:46:39Z
402,hub,"Bogisich, Schmeler and Koepp",Goodwin and Sons,2013-06-07T10:13:17Z
403,Streamlined,Fadel Group,Walker Inc,2010-02-06T09:58:45Z
404,success,"Deckow, Stracke and Lebsack",Hills and Sons,2018-01-04T15:17:35Z
405,interface,Mertz-Tremblay,Schmitt Inc,2000-05-23T18:11:14Z
406,infrastructure,Berge-Bernier,"Welch, Hyatt and McKenzie",2001-07-17T01:00:11Z
407,emulation,O'Kon-Jast,Champlin Group,2001-12-26T13:20:55Z
408,encryption,Crona Group,"Fritsch, Jones and Powlowski",2011-04-05T21:50:15Z
409,support,"Mitchell, Abernathy and Raynor",Blick-Schaefer,2020-10-02T16:14:19Z
410,alliance,Wilderman-Kemmer,Ratke Group,2004-04-19T05:11:26Z
411,concept,"Mante, Kulas and Treutel",Jacobs Inc,2020-05-01T15:00:23Z
412,Persevering,Dicki-Kautzer,Konopelski-Maggio,2019-03-06T21:02:11Z
413,focus group,Wehner Group,Koelpin Group,2000-04-14T09:24:36Z
414,5th generation,"Koch, Gislason and Gerlach",Hermiston-Wehner,2005-02-20T19:24:57Z
415,Open-source,"Walter, Turner and Stracke","Barrows, Bailey and Casper",2016-10-18T22:24:22Z
416,toolset,"Roberts, Stanton and Hyatt",Howell-Jakubowski,2003-11-06T19:41:46Z
417,clear-thinking,Auer-Erdman,Brekke-Hettinger,2012-04-12T22:14:04Z
418,empowering,"Skiles, Herman and Herman",Welch-Fadel,2017-06-14T19:32:19Z
419,Right-sized,Donnelly Inc,Dibbert-Durgan,2003-05-13T20:36:33Z
420,secondary,Jakubowski-Champlin,O'Keefe Inc,2006-08-01T14:40:58Z
421,service-desk,"MacGyver, Bergnaum and Bogan",Jast-Labadie,1999-12-24T12:08:01Z
422,actuating,"Mayert, Strosin and Strosin",Bednar-Buckridge,2012-08-01T12:48:13Z
423,Visionary,Sporer-Zboncak,Bernhard-Thompson,2003-05-29T02:00:03Z
424,Graphic Interface,Auer Group,"Brakus, Kassulke and Lemke",2011-01-06T20:33:24Z
425,Compatible,Nikolaus Group,Halvorson Group,2018-07-22T18:51:55Z
426,national,"Champlin, Morissette and Moore","Cartwright, Schoen and Goyette",2020-03-23T05:26:05Z
427,monitoring,Wintheiser LLC,Kiehn Inc,2012-07-03T20:45:00Z
428,maximized,Crist LLC,"Murray, Hagenes and Hodkiewicz",2009-03-20T06:47:39Z
429,intermediate,King-Nader,"Cummerata, Medhurst and Huels",2014-02-23T06:29:19Z
430,middleware,Bayer-Boyle,Schaefer Inc,2001-08-20T23:09:39Z
431,Phased,Lehner-Ruecker,Reinger-Hagenes,2006-04-05T17:48:18Z
432,core,Streich LLC,"Mueller, Christiansen and Ziemann",2004-10-17T00:02:27Z
433,national,Corkery Inc,Kshlerin Group,2017-07-12T23:03:19Z
434,circuit,Spencer and Sons,"Kemmer, O'Conner and Dietrich",2015-09-18T19:18:49Z
435,neural-net,"Shanahan, Stamm and Rogahn","O'Hara, Kovacek and Conroy",2006-07-03T16:12:26Z
436,array,"Jones, Moore and Schiller",Herzog Inc,2019-02-26T22:59:48Z
437,national,"Fadel, Carroll and Christiansen",Nicolas-Gottlieb,2007-07-06T16:49:33Z
438,architecture,Ernser-Carter,Lueilwitz-Kling,2009-07-22T19:14:55Z
439,Total,Schimmel Inc,Hane and Sons,2019-06-14T19:04:35Z
440,Multi-tiered,Hilpert-Harber,Dare-Bergstrom,2009-05-28T03:09:35Z
441,interface,Nolan Inc,Homenick-Auer,2002-06-03T20:34:54Z
442,instruction set,"Armstrong, Runolfsdottir and Kautzer","Hartmann, Deckow and Kassulke",2018-02-28T07:54:38Z
443,implementation,Dickinson-Gibson,Reichert Group,2017-03-16T09:42:49Z
444,task-force,"Hettinger, Jacobs and Hyatt",Hills-Torp,2002-02-28T01:32:18Z
445,systematic,"Predovic, Swift and Wintheiser",Schulist Group,2015-07-23T14:06:34Z
446,upward-trending,"Jenkins, Cummings and Runte",Johnston LLC,2005-12-29T17:09:27Z
447,bandwidth-monitored,Stroman and Sons,"Donnelly, Mitchell and Grimes",2020-10-28T04:50:51Z
448,Cross-group,"Hegmann, Vandervort and Wiegand","Schmidt, Swift and Hayes",2011-11-04T01:02:23Z
449,Cross-platform,McLaughlin-Veum,Bayer-Kerluke,2016-09-17T01:15:28Z
450,Total,Rogahn and Sons,"Klocko, Mosciski and Rolfson",2017-10-19T08:33:14Z
451,directional,"Mills, Williamson and Effertz",Bartoletti-Feest,2000-02-07T06:41:47Z
452,installation,"Predovic, Kuhn and Walker",Yost and Sons,2002-09-16T11:15:40Z
453,Distributed,Willms Inc,Kautzer-Schuster,2011-06-07T17:35:42Z
454,attitude-oriented,"Abernathy, Pagac and Stroman","Larkin, Bauch and Russel",2011-03-27T12:00:34Z
455,multimedia,"Waelchi, Block and Ondricka",Tillman and Sons,2009-12-20T23:49:21Z
456,clear-thinking,O'Connell and Sons,Fahey Inc,2018-05-19T21:20:53Z
457,Streamlined,Reichert Group,Cronin-Block,2020-07-19T09:42:27Z
458,Up-sized,"Murray, Abernathy and Corkery",O'Connell-Okuneva,2007-07-30T21:11:22Z
459,directional,Murray-Ziemann,Boyer-Beer,2016-03-29T15:26:07Z
460,productivity,"Gaylord, Rice and Pouros","Pollich, Parisian and Schowalter",2008-05-31T15:38:29Z
461,application,Lind-O'Reilly,"Ryan, Quitzon and Wisoky",2003-08-31T06:37:37Z
462,multimedia,Kuvalis Inc,"Beer, Pouros and Considine",2010-06-02T08:09:42Z
463,productivity,"Steuber, Rath and Cassin",Swift Inc,2001-03-05T08:53:15Z
464,impactful,O'Reilly-Kuhn,Bogisich LLC,2003-09-11T12:22:25Z
465,Function-based,"Bogan, Kassulke and Bergnaum","Botsford, Dooley and Murphy",2011-08-17T11:55:10Z
466,Programmable,Kemmer Inc,Schmitt Group,2020-07-31T09:34:05Z
467,zero tolerance,"Cummerata, Kilback and Abshire",Goodwin LLC,2003-11-16T11:22:01Z
468,human-resource,"Treutel, Muller and Bashirian",Ankunding-Ondricka,2008-05-03T10:53:26Z
469,Centralized,"Grant, Stroman and Hamill",Wiegand and Sons,2019-03-26T02:39:49Z
470,User-friendly,"Cummings, Luettgen and Bradtke",Rempel-Veum,2013-09-06T16:25:12Z
471,User-centric,Grant-Quitzon,"Littel, Corkery and Kautzer",2015-10-08T22:02:14Z
472,modular,"Jakubowski, Gislason and Gottlieb",Deckow-Champlin,2002-10-19T16:14:03Z
473,hub,"Leuschke, Kuhic and Fisher",Heller Group,2005-01-11T19:14:22Z
474,Expanded,"Klocko, Kulas and Kuvalis",Jakubowski Group,2019-03-06T06:02:13Z
475,process improvement,"Ernser, Howe and Pagac",Reinger LLC,2000-05-31T08:11:43Z
476,benchmark,Greenfelder-Connelly,"Stehr, Kuphal and Jerde",2009-10-11T17:20:32Z
477,stable,Huels-Haley,Wintheiser Inc,2006-06-11T12:51:10Z
478,Horizontal,"Bahringer, Toy and Kreiger",Schroeder LLC,2015-05-12T10:18:44Z
479,attitude-oriented,Osinski-Lockman,Batz Inc,2000-07-09T21:14:12Z
480,Synergistic,Eichmann-Larson,Altenwerth and Sons,2002-02-17T17:18:41Z
481,Re-engineered,Frami LLC,"Ankunding, King and Wolff",2003-10-11T19:20:21Z
482,toolset,Olson-Prosacco,Ziemann Group,2018-02-01T09:37:56Z
483,Automated,Sawayn Inc,Hammes-Grant,2011-06-16T10:35:08Z
484,analyzing,Hirthe LLC,Lesch LLC,1999-08-04T19:38:50Z
485,Phased,Schinner-Lubowitz,Gislason Inc,2008-04-03T06:17:23Z
486,interactive,"Osinski, Rohan and Blick","Littel, Rempel and Kiehn",2020-04-03T11:17:51Z
487,multi-tasking,Little Group,DuBuque LLC,2005-04-11T03:33:45Z
488,Versatile,"Bradtke, Gleason and McGlynn",Block LLC,2018-11-17T20:28:21Z
489,system-worthy,Bailey LLC,Gutkowski and Sons,2011-10-11T18:29:45Z
490,real-time,"Swift, Adams and Will","Tromp, Carter and Berge",2015-10-20T22:29:44Z
491,tangible,Schroeder-Mayer,"Baumbach, O'Kon and Adams",2010-11-19T11:45:49Z
492,Progressive,Hyatt-Gusikowski,Fisher and Sons,2003-04-06T02:57:50Z
493,Ameliorated,Smitham and Sons,Durgan-Smith,2003-04-16T02:19:56Z
494,knowledge base,"Wolf, Ernser and Doyle",Dibbert-Howell,1999-10-01T21:35:16Z
495,Function-based,"Brakus, Gerlach and Adams",Ruecker-Skiles,2015-04-30T06:01:20Z
496,global,"Mueller, Lehner and Muller",Rodriguez and Sons,2008-10-28T16:41:24Z
497,moderator,Schmitt LLC,Cruickshank-Crona,2008-03-13T01:47:13Z
498,Virtual,Franecki and Sons,Wolf and Sons,2007-02-01T00:27:29Z
499,leverage,Kshlerin-Reichel,O'Kon Group,2014-06-05T08:39:02Z
500,methodology,Treutel-Franecki,"Marks, Anderson and Rath",2001-12-15T09:17:22Z
501,client-driven,Nader-Deckow,Effertz Inc,2014-04-16T12:15:23Z
502,Business-focused,"Effertz, Walsh and Littel","Schultz, Koss and Ortiz",2006-10-01T00:10:55Z
503,forecast,Botsford Group,Wilderman and Sons,2004-10-14T07:56:20Z
504,standardization,Aufderhar LLC,"Boyle, Friesen and Dach",2003-06-02T04:54:03Z
505,algorithm,"Klocko, White and Rau",Gleichner Inc,2001-09-22T04:58:59Z
506,protocol,"Moen, Hodkiewicz and Wisozk",D'Amore Inc,2015-06-21T22:27:30Z
507,regional,Goodwin-Kiehn,"Leuschke, Murazik and Stamm",2002-12-26T18:13:57Z
508,forecast,"Lebsack, Toy and Strosin","Homenick, O'Conner and Douglas",2020-10-04T05:34:01Z
509,mission-critical,"Ratke, Jacobs and Kiehn","Erdman, Hamill and Connelly",2013-12-16T05:30:58Z
510,Realigned,Borer-Barrows,"Romaguera, Morar and Fahey",2009-03-27T04:30:23Z
511,Pre-emptive,Fahey Inc,"Walsh, Morar and Gleason",2019-09-04T09:15:25Z
512,Focused,Ritchie-Heathcote,"Boyer, Ward and Luettgen",2018-01-17T00:35:32Z
513,Managed,Pollich-Lindgren,"Bahringer, Feil and Watsica",2012-06-08T23:40:35Z
514,support,Gutmann-Armstrong,Rowe Inc,2002-11-30T22:03:23Z
515,Phased,"Jast, Nitzsche and Hyatt",Quigley-Gorczany,2016-10-13T16:30:27Z
516,Reactive,Corwin-Roberts,Terry Group,2017-06-06T13:22:56Z
517,Face to face,Hills Inc,"Murazik, Legros and Dooley",2017-04-20T12:07:15Z
518,zero administration,"Bogisich, Bahringer and Altenwerth","Murray, Parker and Schimmel",2018-10-02T14:14:53Z
519,hardware,Hammes Group,Pacocha-Lakin,2006-08-13T10:39:06Z
520,Upgradable,Macejkovic Inc,Glover and Sons,2017-08-05T09:25:37Z
521,software,"Farrell, Walter and Bauch",Botsford and Sons,2007-02-07T07:17:37Z
522,grid-enabled,Koch and Sons,Windler-Murphy,2001-07-26T01:56:53Z
523,multi-tasking,"Mueller, Franecki and Wintheiser","Mohr, Stokes and Sawayn",2003-09-08T18:57:31Z
524,radical,Bechtelar Inc,O'Hara-Goldner,2014-03-21T13:31:54Z
525,matrix,"Brakus, Leuschke and Bauch","Muller, Frami and Collier",2017-01-01T19:52:10Z
526,coherent,Kohler-Ledner,Tremblay-Lindgren,2008-03-17T02:38:20Z
527,leverage,Hilll LLC,"Rempel, Bruen and Hessel",2016-08-16T05:57:10Z
528,Fully-configurable,Murazik LLC,Smith Inc,2009-12-18T12:10:01Z
529,zero administration,"Littel, Larson and Hagenes",Schmitt-Keebler,2013-04-21T20:01:12Z
530,Decentralized,Breitenberg LLC,Fay Group,2015-05-19T14:27:36Z
531,discrete,Vandervort Inc,Rosenbaum and Sons,2005-02-23T23:57:32Z
532,core,"Schmitt, Doyle and Wolff",Hoeger-Cummings,2018-06-16T13:40:03Z
533,Reverse-engineered,Nicolas-Johnston,Kihn-Nikolaus,2008-08-01T19:29:12Z
534,intermediate,"Kerluke, Cummerata and Beer",Vandervort Group,2003-04-09T07:49:35Z
535,Quality-focused,Heathcote LLC,Lynch Group,2005-03-23T02:47:34Z
536,5th generation,Roob Inc,Powlowski and Sons,2009-01-08T08:55:19Z
537,value-added,"Oberbrunner, Crona and Greenfelder",Mills Inc,2018-10-03T02:38:54Z
538,Polarised,Schultz and Sons,Donnelly and Sons,2016-01-09T02:51:06Z
539,foreground,"Luettgen, Rogahn and Kautzer",Okuneva LLC,2006-06-29T07:28:30Z
540,task-force,Barton and Sons,Cruickshank Inc,2018-08-01T18:00:03Z
541,clear-thinking,Ernser Inc,"Kertzmann, Dickinson and Ward",2000-07-07T08:58:38Z
542,Realigned,"Yost, Hessel and Tillman","Koelpin, Murray and Steuber",2007-04-18T03:00:23Z
543,3rd generation,"Quigley, Satterfield and Flatley",Sipes-Renner,2004-06-30T00:24:43Z
544,Function-based,Mante-Adams,Morar-Cartwright,2020-08-06T14:22:27Z
545,Innovative,Schultz-Fay,Lowe-Skiles,2016-01-03T10:36:28Z
546,Stand-alone,McClure-Lesch,"Boyle, Wunsch and Medhurst",2007-04-12T20:38:30Z
547,policy,Hills Group,Jerde Inc,2002-06-14T12:04:05Z
548,Graphic Interface,Rath LLC,Bednar-Gaylord,1999-08-22T20:14:40Z
549,Business-focused,Mraz and Sons,"Boyle, Schroeder and Greenfelder",2019-11-20T10:59:00Z
550,array,"Armstrong, Frami and Kuphal",Rippin-Hodkiewicz,2002-04-16T23:28:21Z
551,De-engineered,Aufderhar-Luettgen,"Doyle, Brakus and Greenfelder",2004-04-07T03:14:59Z
552,Universal,Jerde Inc,"Wolf, Keebler and Batz",2013-02-27T23:41:44Z
553,Mandatory,"Brekke, Ankunding and Howe","Tillman, Kuhn and Smitham",2018-06-19T15:43:57Z
554,support,Zulauf Inc,Murray and Sons,2008-11-08T13:11:48Z
555,coherent,Stanton Group,"O'Reilly, Gutkowski and Yost",2014-01-13T11:06:35Z
556,project,Price-Rau,"Sipes, Herzog and Deckow",2005-08-03T12:26:11Z
557,model,"Lehner, Blanda and Hand",Beatty Group,2005-03-24T19:10:21Z
558,knowledge user,Bins Inc,"Lemke, Dickens and Cremin",2017-10-09T14:21:03Z
559,heuristic,"Cormier, Gulgowski and Douglas","Reichel, Rath and Schneider",2015-09-16T10:48:15Z
560,solution,Towne and Sons,Legros-Bode,2002-05-05T09:08:31Z
561,dynamic,Brown and Sons,Schultz Inc,2017-05-19T09:04:28Z
562,website,"Bashirian, Hamill and Lowe",Ruecker-Wunsch,2019-01-10T16:24:29Z
563,adapter,Weber Group,"Flatley, Quitzon and Kerluke",2019-01-27T22:08:03Z
564,exuding,Thompson and Sons,Tromp-Goyette,2014-01-27T22:18:18Z
565,incremental,"Farrell, Abshire and Auer",Hyatt Inc,2002-03-21T22:05:54Z
566,Up-sized,Block LLC,"Wisoky, Fisher and Feil",2015-01-25T20:00:28Z
567,Pre-emptive,Kuhic and Sons,Bradtke Group,2011-11-13T13:00:35Z
568,bottom-line,Windler-Hahn,Cummings Inc,2005-03-19T23:48:40Z
569,software,"Kutch, Waelchi and Jones","Labadie, Mitchell and Wuckert",2015-03-25T00:34:48Z
570,hierarchy,"Gusikowski, Dietrich and Weber",Monahan and Sons,2002-05-13T10:08:02Z
571,Object-based,Sauer Group,"Douglas, Lesch and Hermann",2005-03-17T10:03:50Z
572,parallelism,Koch Group,Fahey Inc,2008-06-06T03:11:19Z
573,Progressive,Champlin Inc,"Maggio, Rutherford and Cummerata",2001-09-23T11:42:03Z
574,benchmark,Schmeler-Hermann,"Littel, Schaefer and Runolfsdottir",2014-10-18T04:45:35Z
575,homogeneous,"Eichmann, Williamson and Hansen",MacGyver Inc,2002-05-23T22:50:57Z
576,foreground,Hilpert Inc,"Hintz, Ryan and Bernier",2012-07-12T05:18:48Z
577,instruction set,Toy LLC,Steuber and Sons,2015-07-01T19:50:46Z
578,homogeneous,Hauck-Nolan,Rutherford and Sons,2010-01-26T22:04:06Z
579,full-range,Moore LLC,"Wehner, Jones and Mante",2009-03-11T03:45:26Z
580,Enhanced,"Ward, Murazik and Carter","Jacobi, Hoppe and Medhurst",2010-04-14T08:01:23Z
581,Multi-lateral,Mayert-Schiller,"Jones, Pfeffer and Sauer",2012-07-14T21:21:05Z
582,hardware,Konopelski-Jenkins,"Mills, Pfannerstill and MacGyver",2013-06-09T11:03:34Z
583,User-centric,"Gibson, McKenzie and Hoppe","Welch, Harvey and Muller",2015-06-27T12:08:46Z
584,Extended,Feil LLC,Bergstrom Group,2016-02-13T07:51:03Z
585,executive,"Muller, Johns and Crooks",Lockman-Hackett,2013-03-29T16:46:18Z
586,emulation,Murphy-Weimann,Hermann-Krajcik,2005-10-10T16:28:52Z
587,Synchronised,Borer Inc,Nolan LLC,2005-09-04T14:34:58Z
588,paradigm,Greenholt-Feeney,"Mills, Strosin and Altenwerth",2012-10-17T20:09:10Z
589,algorithm,Roob-Emard,Price LLC,2001-07-07T04:33:22Z
590,pricing structure,"Walsh, Barton and Waters","Krajcik, Kuhn and Lakin",2012-09-03T07:52:04Z
591,cohesive,Paucek Group,"Ondricka, Lesch and Watsica",2015-07-30T12:49:40Z
592,strategy,Kessler-Runolfsson,Block LLC,2017-06-01T08:35:05Z
593,Up-sized,Tremblay-Wisozk,Christiansen-Rippin,2006-11-27T11:08:36Z
594,model,Grimes-Romaguera,"Cummerata, Cummerata and Satterfield",2004-05-16T03:05:31Z
595,Public-key,Strosin and Sons,"Breitenberg, Howell and Altenwerth",2010-06-03T06:59:42Z
596,initiative,Gutkowski-Larkin,Crooks-Gutkowski,2018-07-29T05:08:40Z
597,capability,Moen-Adams,Collier-Hammes,2004-11-24T16:36:49Z
598,benchmark,"O'Hara, DuBuque and Volkman",Morissette-Koss,2017-10-19T07:24:31Z
599,leading edge,Daniel-Kuhn,Kunde Group,2019-03-01T21:39:56Z
600,superstructure,Moore LLC,"O'Hara, Ziemann and Wyman",1999-10-29T22:27:09Z
601,info-mediaries,"Dare, Tromp and Stroman",Marks and Sons,2001-02-08T15:54:52Z
602,migration,Harris Inc,King LLC,2012-09-04T07:54:56Z
603,Sharable,"Mitchell, Daniel and Connelly","Parker, Kertzmann and Rau",2005-04-15T14:13:44Z
604,executive,Schmeler Inc,Tremblay LLC,2016-12-29T11:57:04Z
605,Realigned,Gaylord Group,Jacobi Group,2003-09-08T16:31:58Z
606,project,Koelpin LLC,Boehm LLC,2019-02-17T17:51:36Z
607,User-centric,"Paucek, Klein and Lehner",Ruecker LLC,2007-10-22T23:05:27Z
608,Adaptive,Quigley-Keeling,"Nikolaus, Tremblay and Bogisich",2006-10-17T10:51:56Z
609,radical,Walsh and Sons,Stroman LLC,2009-06-09T07:52:59Z
610,standardization,Powlowski-Brown,Hauck-Lehner,2001-01-17T19:22:46Z
611,Assimilated,Hirthe-Donnelly,McCullough LLC,2006-04-10T12:06:14Z
612,Enterprise-wide,"Wisozk, Schowalter and Morar","Hessel, Romaguera and Lesch",2012-10-25T16:38:05Z
613,model,Rowe-Schmidt,"Bogan, Skiles and Carroll",2014-10-19T06:48:35Z
614,portal,Corkery-Harber,Schmidt and Sons,2005-02-27T05:52:22Z
615,Face to face,"Waters, Torp and Legros",Cruickshank-Pacocha,2004-08-20T01:33:39Z
616,client-driven,Lubowitz-Williamson,Langosh Group,2007-10-10T09:12:27Z
617,scalable,Donnelly Inc,Boyle Inc,2007-10-02T20:53:45Z
618,Fundamental,Turner-Hand,Pfeffer-Hills,2016-03-02T03:05:58Z
619,secondary,Fay-Considine,"Flatley, Gorczany and Hartmann",2019-05-30T02:40:27Z
620,productivity,Brakus-Gutkowski,"Stamm, Swaniawski and Larson",2002-02-20T02:46:46Z
621,protocol,"Marquardt, Hudson and Tremblay",Abernathy Group,2014-10-22T17:45:11Z
622,Up-sized,Swaniawski-Ernser,"Torphy, Rempel and Crooks",2005-04-18T08:19:02Z
623,project,"Cremin, Rowe and Simonis","Durgan, West and Kulas",1999-10-03T21:15:49Z
624,toolset,"Pfeffer, Nitzsche and Corwin",Hermiston-Schroeder,2020-04-21T20:07:40Z
625,solution-oriented,"Braun, Howell and Quigley",Kilback Inc,2014-11-16T10:56:44Z
626,methodology,Lindgren-Waelchi,Carroll-Kuphal,2001-05-02T10:05:43Z
627,hardware,Koch-Rolfson,Osinski Group,2020-10-17T23:59:52Z
628,responsive,Bauch-Ondricka,Leuschke LLC,2004-02-03T07:12:58Z
629,Advanced,Halvorson Group,Zemlak-Buckridge,2001-12-03T09:52:37Z
630,matrix,"Roberts, Predovic and Beer",Parker Group,2015-09-14T00:11:25Z
631,motivating,Dibbert Inc,"Nitzsche, Crona and Romaguera",2016-07-20T08:31:46Z
632,maximized,Lindgren-Hansen,"MacGyver, Grant and Schowalter",2002-08-22T23:17:40Z
633,intranet,Lang LLC,Brown and Sons,2006-01-16T19:25:15Z
634,matrices,"Boehm, Sporer and Aufderhar","Nienow, Goodwin and Kovacek",2012-09-23T22:03:51Z
635,hardware,Jenkins-Dach,Senger-Ankunding,2016-09-01T18:19:31Z
636,alliance,Goodwin-Boyle,"Sanford, Fritsch and Stamm",2010-11-20T04:25:29Z
637,asynchronous,Botsford Group,Hamill Group,2012-03-27T11:02:52Z
638,modular,Upton LLC,Lind-Altenwerth,2011-12-28T13:07:32Z
639,static,Hahn Group,"Ondricka, Bradtke and Kuvalis",2004-11-09T13:35:28Z
640,client-server,West Group,Aufderhar LLC,2021-02-13T05:29:41Z
641,software,"Stokes, Roberts and Pacocha","Armstrong, Lubowitz and Hodkiewicz",2014-07-23T15:38:10Z
642,Adaptive,"Deckow, Dare and Bins",Pacocha and Sons,2010-11-19T14:32:02Z
643,challenge,Schultz Inc,"Strosin, Streich and McKenzie",2012-05-09T15:03:08Z
644,parallelism,Jacobi-Pfeffer,"Streich, Torphy and Runolfsdottir",1999-06-13T01:53:48Z
645,Diverse,Leffler LLC,"Block, Cummerata and Kemmer",2014-01-12T10:02:30Z
646,Realigned,Mayert and Sons,Casper Inc,2011-06-05T15:04:41Z
647,Reverse-engineered,Fahey-Thompson,"Grant, Kemmer and Rau",2016-07-16T14:06:59Z
648,utilisation,Nicolas-Franecki,"O'Conner, Lakin and Larkin",2009-09-24T23:30:22Z
649,Mandatory,Schamberger Inc,"Pfeffer, Ernser and Kub",2006-05-07T23:14:05Z
650,policy,Gutkowski Inc,"Rippin, Kub and Gleichner",2008-03-26T06:22:48Z
651,throughput,Quitzon LLC,Bernier-Hane,2005-11-23T01:20:19Z
652,analyzing,Wiza-Champlin,"Wisoky, Orn and Toy",2007-06-09T17:53:53Z
653,Face to face,"Beer, Orn and Corwin",Herzog LLC,2021-02-22T01:18:21Z
654,encryption,Kuhn-Ledner,Strosin LLC,2013-05-11T05:29:31Z
655,full-range,"Block, Carroll and Heidenreich","Dietrich, O'Keefe and Brakus",2021-01-26T02:55:24Z
656,Streamlined,Rohan-Boyle,Auer Group,2014-10-12T05:30:41Z
657,fresh-thinking,"Grimes, Ebert and Goodwin","Wehner, Weimann and Batz",2003-04-16T05:18:03Z
658,eco-centric,Buckridge Group,"Kemmer, Legros and Pagac",2004-08-03T22:37:01Z
659,Distributed,Sanford-Sawayn,Quigley and Sons,2002-01-03T15:34:51Z
660,dedicated,Eichmann-Dach,Williamson LLC,2009-03-31T20:30:49Z
661,Customer-focused,Lemke LLC,"Haag, Parker and Beer",2010-04-30T04:02:46Z
662,software,Jones LLC,"Rodriguez, Rutherford and Ledner",2001-07-19T09:47:20Z
663,Advanced,"Ratke, Wunsch and Grant",Christiansen Inc,2016-01-28T15:04:44Z
664,exuding,Lowe LLC,"Breitenberg, Grimes and Veum",2014-08-28T07:05:22Z
665,multi-tasking,Farrell-Herzog,Jacobi-Huel,1999-10-11T03:29:13Z
666,leading edge,Dach-Murphy,Balistreri Inc,2006-10-26T03:44:20Z
667,Fundamental,DuBuque-Nader,Ryan-Hamill,2020-03-03T17:15:05Z
668,real-time,Kerluke Group,Pfeffer-Hackett,2008-08-23T18:23:36Z
669,middleware,"Kub, O'Hara and Homenick","Kautzer, Leffler and Kilback",2004-04-09T21:21:59Z
670,moderator,Gibson-Smith,"Wunsch, Satterfield and Graham",2016-07-14T02:42:28Z
671,concept,Cassin-Stanton,Abshire-Schmidt,2019-11-12T05:24:34Z
672,Upgradable,"Lebsack, Koepp and Hermann",Schuster LLC,2019-11-19T15:28:08Z
673,Reverse-engineered,"Murazik, Buckridge and Rempel","Schmidt, Collins and Kuhic",2008-06-17T08:42:14Z
674,concept,Adams-Wuckert,Balistreri-Lebsack,2006-02-18T13:26:12Z
675,architecture,Russel LLC,Conn-Padberg,2005-08-13T05:55:31Z
676,definition,Kerluke Inc,Rosenbaum and Sons,2001-11-27T17:13:15Z
677,array,"Hahn, Roberts and Altenwerth","Sporer, Harris and Hane",2019-11-15T08:50:57Z
678,national,"Sawayn, Ankunding and Bradtke","Rowe, Walker and Ziemann",2020-03-12T01:03:33Z
679,info-mediaries,"Medhurst, Reinger and Abshire","Yost, Blick and Wuckert",2002-02-23T10:31:28Z
680,Quality-focused,McKenzie Inc,Swift Group,2018-09-17T02:45:12Z
681,initiative,"Kuhlman, Anderson and Corkery",Brown-Nienow,2009-07-25T21:53:22Z
682,algorithm,Glover LLC,Fadel LLC,2012-04-18T10:09:26Z
683,framework,"Heidenreich, Sipes and McDermott","Graham, Lowe and Senger",2002-11-12T23:20:00Z
684,encoding,Stiedemann and Sons,Jenkins-Halvorson,1999-07-03T00:12:39Z
685,Customizable,Donnelly-Sawayn,"Homenick, Kirlin and Cronin",2003-11-26T02:32:37Z
686,open system,"Altenwerth, Breitenberg and Cronin",Kiehn LLC,2015-08-27T17:28:10Z
687,middleware,Langworth-Maggio,"Rippin, Hegmann and Nicolas",2018-07-25T04:08:44Z
688,regional,White-Kshlerin,Stark Inc,2017-10-16T19:45:50Z
689,project,Kunze-Mills,"Jacobi, Haley and Lueilwitz",2000-07-24T07:09:26Z
690,Enhanced,Mills LLC,"Jacobson, Cassin and Kunde",2004-06-25T02:14:27Z
691,monitoring,"Pollich, Christiansen and Beahan","Will, Weimann and Corwin",2016-11-16T13:29:46Z
692,solution,"Bergstrom, Breitenberg and Fritsch","Feest, White and Collier",2002-09-13T22:54:47Z
693,system-worthy,Rutherford and Sons,Blanda-Bradtke,2013-03-11T11:09:19Z
694,maximized,"Boyer, Hoppe and Thiel",Macejkovic Group,2015-04-01T04:21:22Z
695,Grass-roots,Parisian Inc,"Wisoky, Senger and Hauck",2005-08-27T22:33:45Z
696,contextually-based,"Becker, O'Connell and Becker",Smitham-Strosin,2018-08-14T15:17:18Z
697,Reduced,"Stiedemann, Erdman and Nikolaus","Sipes, Erdman and Cole",2004-07-30T12:23:37Z
698,foreground,Auer-Bailey,"Shields, Gutkowski and Johnson",2000-10-13T21:59:19Z
699,Reactive,"DuBuque, Rosenbaum and Gorczany",Christiansen and Sons,1999-07-10T01:18:59Z
700,modular,"Harris, Dooley and Turcotte",Mayert-Rowe,2004-04-01T07:42:08Z
701,focus group,"Tremblay, Howell and Schuppe","Pollich, Lebsack and Blanda",2016-02-11T04:32:06Z
702,database,Osinski Inc,Ferry-Hudson,2013-02-26T20:01:44Z
703,hybrid,Prosacco Group,Harris and Sons,2012-12-08T21:10:41Z
704,Synergized,Bode and Sons,Effertz-Quigley,2016-12-25T02:41:24Z
705,Virtual,Reichert Inc,"Pouros, Nicolas and Bartell",2020-12-20T18:22:18Z
706,uniform,"Tillman, Kulas and Bechtelar","Heller, Dietrich and Langosh",2016-08-03T09:46:41Z
707,circuit,"Daugherty, Cassin and Ortiz","Reichert, Ebert and Schimmel",2006-06-17T10:15:49Z
708,hierarchy,Hodkiewicz Inc,"Pfeffer, Bosco and Stamm",2009-01-07T21:49:38Z
709,Fully-configurable,"Metz, Mertz and Rath",Gottlieb-Hickle,2006-06-23T12:01:56Z
710,portal,Rolfson-Runte,Torphy LLC,2012-04-05T09:16:25Z
711,system-worthy,"Ortiz, Heller and Halvorson",Schinner and Sons,2006-07-19T04:42:14Z
712,context-sensitive,Williamson-Bergnaum,Simonis-Turcotte,2018-04-21T12:29:20Z
713,Operative,Wolf LLC,Hermiston-Haag,2005-09-28T09:05:39Z
714,capacity,"Nikolaus, Kutch and Spinka",Hahn-Nienow,2010-08-10T09:11:15Z
715,methodical,"Stroman, Hilll and Spencer","Brakus, Pagac and Torphy",2003-10-02T19:52:30Z
716,orchestration,Konopelski-Kuphal,Ritchie LLC,2015-03-27T09:24:26Z
717,Reactive,Kunde LLC,"Beahan, Rolfson and Kovacek",2019-01-02T16:21:09Z
718,Graphical User Interface,Kautzer-Ritchie,Hagenes-Cremin,2006-05-06T10:18:06Z
719,disintermediate,"Glover, Larkin and Kling",Howe LLC,2004-11-04T03:35:27Z
720,bi-directional,Kertzmann-White,Schowalter Group,2019-02-03T18:09:56Z
721,modular,"Christiansen, Heaney and Will","Gutmann, Aufderhar and Lakin",2015-04-14T02:25:47Z
722,radical,Nader and Sons,"Roberts, Tillman and Bradtke",2000-11-03T16:13:53Z
723,task-force,Skiles and Sons,Heidenreich-Hyatt,2004-10-18T08:16:57Z
724,contextually-based,Senger Inc,"Rau, Weber and Lemke",2008-10-19T21:53:10Z
725,non-volatile,Legros Inc,"Kuhic, Bergstrom and Hand",2020-06-16T09:39:03Z
726,approach,Morissette Group,Stroman-Stracke,2015-06-04T03:10:01Z
727,Enhanced,"Herzog, Legros and Prosacco","Shanahan, Ondricka and Ullrich",2007-02-12T09:31:50Z
728,policy,Fisher Inc,Torphy Inc,2015-09-20T01:12:22Z
729,holistic,Hammes Inc,Shanahan-Cruickshank,2017-12-09T00:22:24Z
730,reciprocal,"Mosciski, Kemmer and Paucek",Rath Group,2020-08-26T17:43:01Z
731,definition,Keeling Group,Bayer and Sons,2012-06-04T18:35:11Z
732,Assimilated,Wiegand and Sons,Mohr-Waelchi,2000-02-24T12:22:02Z
733,Ergonomic,O'Keefe and Sons,"Kulas, Macejkovic and Ruecker",2018-02-01T07:42:32Z
734,modular,Erdman-Davis,Jenkins-Lemke,2019-08-18T09:16:29Z
735,foreground,Schmitt Inc,O'Connell-Nitzsche,2011-03-16T17:30:29Z
736,background,Walter and Sons,Medhurst Group,2000-03-26T06:00:44Z
737,full-range,Corwin-Harvey,Hamill Group,2011-08-22T19:56:45Z
738,Mandatory,Medhurst Group,Koch-Walter,2003-11-07T00:12:23Z
739,Balanced,Wisoky Inc,Schultz-Lebsack,2010-02-04T10:38:40Z
740,Balanced,"Olson, Toy and Waters",Gerlach-Torp,2013-01-29T12:42:28Z
741,Triple-buffered,"Walter, Sawayn and Effertz",Koelpin-Zboncak,1999-07-02T15:18:58Z
742,tangible,Lebsack Inc,"Crist, Block and Yost",2005-09-11T23:30:35Z
743,uniform,Cassin-Moen,Johnson Group,1999-10-25T21:43:45Z
744,Versatile,"Denesik, Ebert and Turcotte",Streich Inc,2014-02-13T15:49:58Z
745,complexity,"Ruecker, Crona and Borer",Schmitt Inc,2012-08-18T00:27:04Z
746,interactive,Mann-Abbott,Herman Inc,2016-12-11T13:45:55Z
747,Face to face,Hintz-Stroman,Leannon-Wiza,2019-06-04T16:29:16Z
748,tertiary,Friesen and Sons,Ebert and Sons,2014-07-02T23:42:25Z
749,function,"Schultz, Stracke and Paucek",Stracke LLC,2011-01-24T02:21:14Z
750,forecast,Nader Inc,"Davis, Feil and Mills",2006-06-09T08:18:29Z
751,Optional,Gaylord LLC,Cassin and Sons,2004-04-16T00:11:22Z
752,Intuitive,Watsica-Torp,Gerhold-Legros,2019-06-02T19:48:10Z
753,Decentralized,Dibbert-Ernser,Rath LLC,2009-09-24T05:10:41Z
754,Extended,"Paucek, Heaney and Reilly",Mueller Group,2012-08-06T22:33:45Z
755,Organized,Terry-Gislason,Doyle-Emmerich,2005-09-09T07:00:19Z
756,discrete,"Windler, Waelchi and Collins","Nikolaus, Kirlin and Bashirian",2009-01-14T22:23:43Z
757,time-frame,Will-Wiza,Hodkiewicz LLC,1999-10-15T12:01:47Z
758,Multi-lateral,"Grimes, Sporer and Dickens","Hessel, Watsica and Hyatt",2003-06-19T21:58:23Z
759,standardization,Torp-Bergstrom,"Kessler, Mante and Swaniawski",2013-08-09T04:39:40Z
760,architecture,Mraz-Feil,Goyette-Reichel,2011-07-16T12:34:48Z
761,dynamic,"Hilll, Sauer and Collier",Konopelski LLC,2019-12-21T20:02:16Z
762,architecture,"Bergnaum, Robel and McLaughlin",Haley-Schmitt,2002-08-24T09:48:33Z
763,Optional,Treutel-Balistreri,"Klein, Turcotte and Lakin",2011-06-08T11:48:11Z
764,bifurcated,Zboncak-Borer,"Paucek, Smitham and Lockman",2005-11-21T16:10:06Z
765,definition,"Ledner, Dare and Wolf","Ruecker, Kassulke and Yundt",2007-09-23T18:34:07Z
766,Exclusive,"Wehner, Hermiston and Bauch","Runte, Hyatt and Grimes",2008-02-29T19:02:38Z
767,Polarised,Murphy-Hammes,Mertz LLC,2000-04-27T05:15:14Z
768,non-volatile,"Skiles, Gottlieb and Jast","Bechtelar, Fadel and Weimann",2007-12-15T14:38:11Z
769,project,"Altenwerth, Torphy and Gerhold",Larkin and Sons,2004-12-17T07:07:24Z
770,installation,Runolfsson-Hane,Bernier-Macejkovic,2008-06-30T05:17:22Z
771,concept,"Dickens, Gerlach and Boyer",Schneider and Sons,2011-03-06T04:44:04Z
772,frame,Osinski-Cummerata,Hodkiewicz and Sons,2004-02-12T18:46:49Z
773,Intuitive,"Hirthe, Treutel and Blanda","Kohler, Ferry and Huel",2015-07-07T03:19:08Z
774,alliance,"Keebler, Bartoletti and Yundt",McGlynn-Huels,2007-12-04T16:08:16Z
775,hierarchy,Smith-Reynolds,Jenkins-Satterfield,2021-01-14T01:37:16Z
776,analyzing,Goyette-Waters,Corkery-Denesik,2006-06-11T05:00:07Z
777,holistic,Kreiger Inc,Sawayn-Anderson,2001-09-05T14:16:25Z
778,asymmetric,Emard and Sons,Kutch-Pouros,2020-06-09T03:32:16Z
779,dedicated,Raynor-Ankunding,Cummings-Zemlak,2018-04-20T03:44:13Z
780,Multi-lateral,"Okuneva, Mayer and Schumm",Lynch and Sons,2017-08-30T11:24:36Z
781,Upgradable,Streich-Stokes,"Gottlieb, Parisian and Howe",2002-07-16T16:11:37Z
782,Self-enabling,"Kuhic, Funk and Gusikowski","Hackett, Braun and Waelchi",1999-11-22T18:13:02Z
783,array,Jerde-Barrows,Terry-Bosco,2010-11-07T03:58:07Z
784,Down-sized,Larkin-Pouros,Kub-Borer,2009-12-06T12:51:15Z
785,Enhanced,"Gutkowski, Labadie and Boyer","Pfeffer, Pouros and Medhurst",2015-10-16T19:21:34Z
786,alliance,"Lemke, Balistreri and Kessler",Harber Inc,2008-03-26T23:54:36Z
787,Exclusive,"Quitzon, Boehm and Denesik",Schoen-Bayer,2005-09-04T16:19:43Z
788,hub,Smitham-Swaniawski,Lubowitz Inc,2011-10-22T15:34:39Z
789,Right-sized,"Turcotte, Rosenbaum and Stark",Hane LLC,2003-03-21T18:59:24Z
790,initiative,"Hauck, Kautzer and Gottlieb",Reinger-Koelpin,2003-12-31T00:35:09Z
791,Face to face,Rempel-Lindgren,Swift-Ruecker,2004-07-16T19:52:35Z
792,projection,Ledner and Sons,Nikolaus-Rempel,2003-01-18T20:12:08Z
793,Team-oriented,Nicolas and Sons,Nitzsche-Altenwerth,2010-12-22T16:43:46Z
794,Managed,Ruecker-Rempel,"Pfannerstill, Sanford and Collier",2002-05-25T22:08:12Z
795,capacity,Gulgowski Group,"Nolan, Zulauf and Marvin",1999-09-15T21:24:48Z
796,heuristic,"Braun, Brekke and Balistreri","Ullrich, Boehm and Pacocha",2018-08-08T06:54:52Z
797,logistical,"Stanton, Gutmann and Schimmel","DuBuque, Hodkiewicz and Hammes",2003-10-16T08:16:06Z
798,4th generation,"Frami, MacGyver and Effertz",Veum and Sons,2013-11-29T09:55:41Z
799,Cross-group,"Fadel, Nader and Becker",Swaniawski-Fay,2015-01-13T17:54:52Z
800,solution,Stanton-Beer,"Kovacek, Hills and Strosin",2011-03-11T21:50:21Z
801,client-server,Luettgen Inc,"Lesch, Bashirian and Runolfsson",2002-01-11T05:31:42Z
802,Decentralized,Walsh-Dach,Vandervort-Williamson,2002-02-19T19:59:20Z
803,zero tolerance,DuBuque LLC,McDermott-West,2009-12-29T04:11:12Z
804,firmware,"McKenzie, Bergnaum and Carter","Braun, Green and Dickens",2016-10-09T10:32:00Z
805,ability,Thiel Group,Jones-Rutherford,2016-08-03T10:23:38Z
806,throughput,Erdman-Hagenes,Kuphal Inc,2014-08-08T11:33:56Z
807,contextually-based,Hessel-Barton,"Jakubowski, Schmeler and Murray",2001-03-29T16:56:26Z
808,modular,Schulist-Dare,Swaniawski-Price,2015-02-16T19:19:42Z
809,object-oriented,Thiel-Farrell,Kiehn Inc,2014-07-22T23:43:09Z
810,local area network,"Spencer, McDermott and Doyle",Bergstrom-Hegmann,1999-09-10T15:42:58Z
811,responsive,Dicki-Monahan,"Steuber, Wolf and Cartwright",2004-06-27T19:01:30Z
812,coherent,"Braun, Jones and Weissnat","Flatley, Wisozk and Ullrich",2008-12-17T01:46:17Z
813,Focused,Frami-Morar,Fay-Ritchie,2010-10-03T12:48:23Z
814,help-desk,Beer-Weissnat,Farrell-Wolff,2011-07-20T13:49:42Z
815,Customer-focused,"Koelpin, Bailey and Jast","Pagac, Homenick and Cronin",2012-04-02T16:10:32Z
816,process improvement,Berge-McLaughlin,"Corwin, Shanahan and Rempel",2004-07-13T15:53:22Z
817,Visionary,Weimann-Goldner,"Keebler, Leuschke and Lakin",2000-11-10T04:54:48Z
818,national,"Weimann, Ritchie and Gorczany",Bernier-Mosciski,2004-12-16T09:25:13Z
819,Intuitive,Stamm and Sons,Schmitt-Thompson,2007-05-16T08:09:28Z
820,internet solution,Russel LLC,"Grimes, Wilderman and Shields",2015-02-25T00:04:33Z
821,structure,Beier-Sipes,Cummings and Sons,2007-05-05T20:38:15Z
822,actuating,Gorczany-Williamson,"Schowalter, Torphy and Schaden",2019-11-12T20:39:01Z
823,leading edge,Klein Inc,Rempel Inc,2015-07-13T00:14:16Z
824,attitude-oriented,Lowe LLC,MacGyver LLC,2000-07-13T20:41:11Z
825,internet solution,Altenwerth Inc,Waelchi and Sons,1999-12-17T07:14:22Z
826,knowledge user,"Rosenbaum, Braun and Hahn",Ernser-Cummings,2017-02-13T18:51:21Z
827,array,Pollich-Smith,Jakubowski and Sons,2007-07-08T07:56:45Z
828,directional,"Hackett, Herzog and Wiegand",Gutkowski and Sons,2000-10-06T17:05:01Z
829,discrete,"Bode, Hirthe and Mann",Cummings-Spencer,2001-06-06T16:25:31Z
830,Adaptive,Schuster and Sons,"Cartwright, Brekke and Wunsch",2009-11-25T22:32:52Z
831,paradigm,Langworth-Kuhn,Haag-Koss,2001-09-01T08:17:43Z
832,leading edge,Windler Inc,"Mohr, Stokes and Stehr",2012-08-13T19:07:19Z
833,Realigned,"Romaguera, Metz and Erdman",Ritchie LLC,2013-12-19T19:52:49Z
834,standardization,Torphy-Sporer,Sanford-Considine,2000-03-09T11:16:44Z
835,Managed,Beahan Group,Cremin Inc,2002-07-12T15:13:38Z
836,system engine,O'Hara and Sons,"Haag, Senger and Greenholt",2000-10-04T01:29:11Z
837,productivity,Johnson-Auer,"Kovacek, Yost and Bins",2018-10-19T23:40:53Z
838,content-based,Ward-Brakus,Rogahn LLC,2009-10-20T08:25:56Z
839,array,Cormier Group,Schroeder-Corkery,2004-12-03T04:04:42Z
840,Universal,"Ondricka, Stoltenberg and Keebler",Walker-Willms,2015-10-31T03:55:07Z
841,challenge,"Parisian, Cole and Orn","Heathcote, Pfeffer and Gorczany",2009-11-20T00:31:04Z
842,encompassing,Murray Inc,Funk-Grady,2000-01-02T16:47:22Z
843,superstructure,"Cummerata, Boyle and Kutch",Veum Inc,2002-07-06T09:03:54Z
844,orchestration,"Hansen, O'Hara and Graham",Reichel Inc,2004-01-22T04:42:29Z
845,non-volatile,Keebler Group,"Volkman, Buckridge and Marvin",2002-08-18T12:49:32Z
846,Robust,Simonis Inc,McCullough-Brown,2004-07-17T03:52:45Z
847,structure,"Dickinson, Harvey and Feest",Bosco Inc,2015-02-10T07:19:01Z
848,product,Sporer Inc,Green LLC,2002-10-11T19:34:38Z
849,Proactive,Bergstrom-Larkin,Pouros and Sons,2012-04-27T01:13:40Z
850,Balanced,"Stamm, Feeney and Volkman",Funk Inc,2009-03-15T12:07:58Z
851,asymmetric,"Huel, Wolf and VonRueden","Wilkinson, Homenick and Kris",2014-05-08T07:42:32Z
852,4th generation,"Reichel, Roberts and Wiza",Hayes-Hahn,2016-12-08T20:57:57Z
853,moratorium,Berge Group,"Dooley, Carter and Walter",2014-05-11T09:53:47Z
854,upward-trending,McDermott-Cummerata,"Lemke, Nolan and Flatley",2003-07-23T11:07:30Z
855,Focused,"Goyette, Schulist and Luettgen",Mueller Inc,2004-09-28T13:26:04Z
856,needs-based,"Hoppe, Doyle and Homenick",Hettinger-Schinner,2011-12-06T06:21:05Z
857,leverage,"Botsford, Schowalter and Wolf",Cole LLC,2004-06-13T20:32:06Z
858,focus group,"Cruickshank, Leffler and Prosacco",Swift Inc,2011-11-17T07:52:57Z
859,Multi-layered,Stark Inc,Aufderhar-Friesen,2013-01-28T05:49:35Z
860,definition,Larson-O'Keefe,"Veum, Barton and Wolf",2016-09-23T05:40:25Z
861,scalable,Anderson-McLaughlin,"Emard, Rath and Schiller",2007-06-08T07:51:21Z
862,methodical,Stark LLC,Schiller-Hauck,2009-05-01T01:15:22Z
863,encompassing,Kilback-Gaylord,"Pacocha, Kuhlman and Roberts",2011-01-26T02:53:54Z
864,migration,Block LLC,"Maggio, Mayer and Welch",2015-01-20T06:00:30Z
865,interactive,Schaden LLC,Deckow-Wisoky,2015-12-10T07:04:13Z
866,Configurable,Rutherford-Schuster,Cummerata Inc,2005-02-27T22:29:57Z
867,forecast,Bogisich-Larson,"Champlin, Schmidt and Satterfield",2012-04-19T03:32:31Z
868,system-worthy,"McLaughlin, Denesik and Kling",Greenholt Inc,2015-06-02T17:25:15Z
869,tertiary,"Langosh, Boyer and Schmitt",Murray-Macejkovic,2005-02-22T00:30:14Z
870,concept,Thompson-Rohan,Walter-Moen,2014-05-17T05:25:49Z
871,adapter,Weissnat Inc,"Hudson, Hauck and Von",2020-06-30T10:30:17Z
872,workforce,Bernhard-King,Douglas Inc,2008-07-13T19:27:01Z
873,intangible,Wilderman Group,Hickle-Kertzmann,2014-06-03T18:18:37Z
874,Enhanced,"Gottlieb, Gottlieb and Zieme","Batz, Jones and Quigley",2020-08-20T08:30:31Z
875,support,Herzog-Larson,"Brown, Witting and Jacobs",2014-04-15T11:12:55Z
876,Multi-layered,Konopelski and Sons,"Bernhard, Hauck and Rempel",2009-12-24T02:57:42Z
877,dedicated,Okuneva-Baumbach,"Lueilwitz, Johnston and Friesen",2008-03-02T14:37:09Z
878,modular,"Halvorson, Aufderhar and Lockman","Schmitt, Lesch and Schimmel",2020-05-10T16:59:23Z
879,system-worthy,Herman Group,Wuckert-Corkery,2006-02-06T14:03:50Z
880,groupware,Kertzmann and Sons,"Hudson, Bode and Daniel",2013-10-10T11:39:39Z
881,hardware,Purdy-Price,Gutkowski-Prosacco,2004-05-10T14:53:00Z
882,Robust,Dickinson-Schoen,VonRueden-West,2002-10-25T07:17:07Z
883,Visionary,Kling LLC,Vandervort and Sons,2018-08-25T17:05:34Z
884,upward-trending,"Hills, Bechtelar and Doyle",Pollich-Vandervort,2011-03-02T13:58:40Z
885,service-desk,Lebsack LLC,Kozey Group,2004-12-27T01:48:08Z
886,Open-architected,Ullrich-Wolff,Wolff Group,2016-05-27T18:11:10Z
887,content-based,"Schaefer, Kuhlman and Purdy",Schuster-Von,2011-01-24T05:21:16Z
888,Optional,Deckow-Bosco,"Wehner, Mitchell and Ratke",2020-02-25T08:11:47Z
889,Synergistic,Wisozk-Kerluke,Rippin-Breitenberg,2004-09-13T08:00:08Z
890,well-modulated,VonRueden and Sons,"Macejkovic, Stanton and Larkin",2002-12-12T20:38:14Z
891,Cross-group,Jacobs-Wiegand,"MacGyver, Monahan and Harvey",2016-06-05T04:44:54Z
892,monitoring,"Mertz, Brekke and Haag","Altenwerth, Renner and Lehner",2003-04-08T15:44:05Z
893,dynamic,"Feil, Hayes and Powlowski",Bartoletti LLC,2020-04-06T06:08:48Z
894,neural-net,Altenwerth and Sons,Gulgowski LLC,2004-03-12T00:57:58Z
895,Intuitive,Johnson and Sons,"Reinger, Nader and Ortiz",2002-08-28T23:53:27Z
896,Virtual,"Yost, Jenkins and Zulauf",Parker LLC,2016-10-28T09:33:46Z
897,Polarised,"Cruickshank, Renner and Fadel","Johnson, Tremblay and Haag",2000-05-16T10:51:56Z
898,strategy,Moore Group,Daniel Group,2014-11-18T11:06:51Z
899,Inverse,"Brown, Mohr and Nolan","Borer, Green and Von",2005-02-02T11:07:53Z
900,Adaptive,Schmitt Group,Lehner-Schiller,2007-03-12T19:50:10Z
901,concept,Kshlerin Group,Renner-Buckridge,2019-07-21T19:31:52Z
902,portal,Gislason-Frami,"Torphy, Waelchi and Paucek",1999-12-04T15:52:47Z
903,collaboration,Johnston and Sons,"Nicolas, Lueilwitz and Pagac",2015-04-08T04:27:06Z
904,solution-oriented,Bartell Group,"Hermiston, Gleason and Mante",2005-03-15T07:54:22Z
905,portal,Maggio Group,"Carter, Mann and Olson",2002-09-19T23:46:37Z
906,fresh-thinking,Kovacek Group,Collier Inc,2007-03-24T16:45:33Z
907,Multi-channelled,"Donnelly, Klein and Ondricka","Rice, Lemke and Crist",2003-07-10T08:29:47Z
908,incremental,Nader-Tromp,Watsica-Roberts,2011-03-01T10:48:58Z
909,intangible,Bruen LLC,"O'Keefe, Wolf and Goyette",2002-05-19T11:39:10Z
910,customer loyalty,Sipes-Rath,"Durgan, Yundt and Moen",2014-07-14T21:14:26Z
911,conglomeration,"Kunde, Blanda and Walker","Lang, Stoltenberg and Parisian",2008-01-11T08:16:54Z
912,User-friendly,"Mann, Kemmer and Hermiston",Kertzmann Group,2010-10-09T14:41:23Z
913,orchestration,"Koss, Abernathy and Murazik","Yost, Heaney and Hilll",2015-12-18T07:10:18Z
914,collaboration,"Heidenreich, Greenfelder and Schuppe",Bartoletti-Williamson,2013-04-13T06:24:32Z
915,emulation,"Yundt, Johnson and Torp","Dooley, Bogan and Russel",1999-10-08T08:11:36Z
916,moratorium,Daniel-Balistreri,"Rempel, Wilkinson and Cronin",2005-06-20T08:57:26Z
917,Vision-oriented,Murray-Mayer,Smitham Inc,2016-06-25T22:09:58Z
918,Intuitive,Olson and Sons,Tromp Inc,1999-10-03T16:32:52Z
919,Balanced,"Olson, Collins and Schuppe","Gerhold, Towne and Towne",2007-07-15T07:14:10Z
920,Optional,"Brakus, Beatty and Upton",Vandervort Group,2018-05-12T01:08:22Z
921,Implemented,Effertz Inc,"Franecki, Carter and Wolf",2012-09-01T17:53:32Z
922,Face to face,Altenwerth Inc,Miller and Sons,2003-10-11T04:40:23Z
923,collaboration,Lakin-VonRueden,O'Kon-Hintz,2005-01-24T21:44:37Z
924,next generation,Lakin-Lesch,Brakus Group,2015-05-11T10:25:27Z
925,Digitized,Bartell-Beier,"Simonis, Paucek and Glover",2000-09-25T09:14:13Z
926,Re-contextualized,"Cassin, Schmidt and Jakubowski",Rath-Koss,2014-10-07T05:40:30Z
927,Focused,"Renner, Treutel and Auer","Wiegand, Altenwerth and Cremin",2011-03-27T07:53:53Z
928,parallelism,"Runte, Considine and Pfeffer",Koepp-Lang,2008-07-15T09:25:52Z
929,attitude-oriented,Macejkovic-Thiel,"Stoltenberg, Robel and Pfeffer",2011-09-30T05:02:46Z
930,optimizing,"Fahey, Wolf and Mueller",Cole LLC,2020-04-02T08:04:35Z
931,definition,"Goldner, Lemke and Kreiger",Ebert-Fahey,2007-01-19T20:39:00Z
932,Universal,"Howell, Davis and Breitenberg","Halvorson, Monahan and Gleason",2003-07-25T03:28:11Z
933,Reverse-engineered,Dach-Farrell,"Kirlin, Koepp and Gorczany",2017-04-07T23:06:44Z
934,contextually-based,"Cassin, Ernser and Runte",Cremin-Bruen,2001-05-12T06:35:21Z
935,interactive,Kuhn-Purdy,Kilback Inc,2001-02-25T07:58:35Z
936,matrix,"Prosacco, Langworth and Beier",O'Reilly Inc,2000-12-03T01:30:05Z
937,real-time,D'Amore LLC,Schuppe-Koss,2001-07-22T02:11:51Z
938,flexibility,Kovacek Group,Carter-Fay,2015-05-14T12:03:26Z
939,info-mediaries,Paucek-Jast,Schoen-Cremin,2002-06-18T11:23:49Z
940,database,Huels and Sons,"Koch, Emmerich and Kilback",2011-11-02T02:23:05Z
941,access,Rolfson-Hintz,Yundt and Sons,2017-12-28T04:20:28Z
942,24/7,"Bosco, Maggio and Hudson","Kessler, MacGyver and Schultz",2004-06-10T15:29:57Z
943,asynchronous,Hartmann-Conn,Becker-Watsica,2008-09-14T15:29:05Z
944,Robust,Yost Group,Osinski and Sons,2006-09-09T12:27:40Z
945,neural-net,Rau LLC,Baumbach Group,2008-08-25T11:19:21Z
946,Triple-buffered,Wehner LLC,Lind and Sons,2004-01-29T14:12:01Z
947,value-added,Legros-Stroman,Gleichner-Feil,1999-06-29T14:08:54Z
948,moratorium,Kihn-Kihn,Morar-Johnson,2002-07-25T19:25:25Z
949,local area network,"Lindgren, Bins and Cummerata",Thompson LLC,2007-04-01T02:05:49Z
950,disintermediate,Ward-Krajcik,Grady Inc,2000-04-29T08:30:37Z
951,Cloned,Williamson LLC,"Grady, Muller and Emmerich",2014-03-31T03:57:04Z
952,Function-based,"Homenick, Streich and Pollich","Willms, Barrows and Zboncak",1999-03-26T12:44:58Z
953,application,Grant-Sipes,"Larson, Botsford and Funk",2001-10-02T11:27:20Z
954,local area network,"Kunze, Stamm and Cassin",Crist-Lind,2007-09-04T01:04:26Z
955,analyzing,Abernathy-Nikolaus,"Beahan, Kuphal and Tremblay",2019-05-30T09:54:42Z
956,non-volatile,Goyette Group,Koss-Abbott,2011-01-28T00:01:55Z
957,Operative,Rogahn-Bergstrom,Sipes-Hauck,2005-09-04T22:13:46Z
958,methodology,Crona Inc,Hansen-Marks,2009-07-04T20:12:38Z
959,array,"Mills, Goodwin and Blanda",Effertz Group,2006-06-24T23:14:16Z
960,encryption,Beatty-Upton,Grimes-Metz,2018-10-07T05:13:38Z
961,array,Zemlak Group,"Donnelly, Kuhn and Denesik",2006-03-17T15:00:58Z
962,open system,Beahan-Schaden,Gibson and Sons,2019-10-17T10:48:33Z
963,Pre-emptive,"Towne, Turcotte and Lebsack",Roberts-Hamill,2014-09-14T11:23:30Z
964,firmware,Rohan Group,"Spencer, Bartoletti and Abernathy",2004-12-10T04:27:38Z
965,zero administration,Dicki Inc,Blanda-Mayert,2008-09-29T12:23:20Z
966,multi-tasking,"D'Amore, Lind and Hoeger",Murphy-Abbott,2009-04-10T16:31:58Z
967,modular,Shanahan Group,"Dickens, Hessel and Hessel",2019-09-28T09:26:39Z
968,success,Marquardt-Carroll,Hintz-Smitham,2003-05-06T19:26:00Z
969,bifurcated,"Murray, Erdman and Maggio",Kuhic Group,2020-04-08T22:42:00Z
970,approach,Schuster Inc,Medhurst-Jones,2009-03-21T06:22:40Z
971,encryption,"Torphy, Ullrich and Kunze",Lang-Pagac,2000-09-20T14:58:12Z
972,asynchronous,Macejkovic and Sons,"Schroeder, Harvey and Crona",2008-04-19T07:04:12Z
973,Grass-roots,Hickle-Anderson,Huel Inc,2005-02-07T00:25:54Z
974,Switchable,"Spinka, Pfannerstill and Russel",Kirlin-Ankunding,2009-11-24T10:41:15Z
975,Secured,McGlynn-Dicki,"Fahey, Schamberger and Goldner",2020-05-13T06:15:20Z
976,encoding,"Torphy, Feil and Hegmann","Ritchie, Stark and Crist",2006-07-25T08:07:23Z
977,actuating,Dach-Feest,"Bergstrom, Hamill and Lebsack",2013-11-05T07:56:55Z
978,complexity,Kreiger and Sons,Pollich-Howell,2001-01-10T14:44:20Z
979,explicit,"Rosenbaum, Nicolas and Hansen",Schmidt Inc,2006-02-19T10:23:08Z
980,5th generation,"Price, Ryan and Wunsch",Zieme-Friesen,2016-08-23T11:55:38Z
981,projection,Buckridge-Towne,Kovacek Group,2020-02-21T13:36:29Z
982,matrices,"Lockman, Heller and Wiza","Franecki, Wolff and Mayert",2005-07-16T14:59:14Z
983,executive,"Hackett, Marks and Marks",Morissette LLC,2003-05-10T04:23:13Z
984,encompassing,Cummerata and Sons,"Hand, Cassin and MacGyver",2005-02-18T16:58:53Z
985,object-oriented,Treutel LLC,"Bashirian, Hickle and Langosh",2020-07-15T18:49:15Z
986,Optimized,"Welch, Ryan and Mann",Reinger-Leffler,2013-10-11T03:04:34Z
987,encoding,Huels Group,Huels-Bashirian,2010-11-08T21:21:40Z
988,challenge,Jakubowski and Sons,King and Sons,2000-11-11T08:19:56Z
989,zero tolerance,Wilkinson LLC,Windler-Senger,2017-11-21T19:31:09Z
990,Compatible,"Kunze, Price and Haley","Grant, Raynor and Parisian",1999-12-11T02:49:21Z
991,benchmark,Flatley Inc,"Tillman, Rogahn and Schaefer",2005-10-28T18:08:51Z
992,Multi-tiered,Turcotte-Turner,Wisozk Group,2007-01-06T15:37:12Z
993,local area network,Kulas-Wiegand,Wisoky-Littel,2020-08-16T23:35:31Z
994,Inverse,Senger-Maggio,Kilback-Altenwerth,2013-12-11T18:24:59Z
995,structure,Schmeler Group,"Hackett, Crooks and Koch",2014-11-18T20:34:16Z
996,application,"Dickinson, Bernhard and McGlynn",Lakin Inc,2018-04-21T14:09:59Z
997,Multi-channelled,Heaney LLC,Abbott and Sons,2017-03-06T21:55:38Z
998,projection,Oberbrunner and Sons,Herzog-Schmeler,2008-06-27T13:50:20Z
999,Programmable,Stoltenberg-Metz,"Walter, Hodkiewicz and Schaefer",2000-06-03T09:14:18Z
1000,Synergistic,"Braun, Kshlerin and Deckow",Huels and Sons,2018-09-15T20:24:39Z
